x-axis,1,2,3
second,Volt,Volt,Volt
-47.0000E-09,-5.2986781702E-03,-3.9016932606E-03,+1.4048393459E-03
-46.2188E-09,-3.5398842192E-03,+118.4071989E-06,-2.6152611135E-03
-45.4375E-09,+118.4071989E-06,-1.3489294688E-03,-3.2584771870E-03
-44.6563E-09,+761.6232724E-06,-3.0172711595E-03,-3.2584771870E-03
-43.8750E-09,-2.6152611135E-03,+118.4071989E-06,-3.2584771870E-03
-43.0938E-09,-3.2584771870E-03,+761.6232724E-06,+118.4071989E-06
-42.3125E-09,-3.2584771870E-03,+761.6232724E-06,+761.6232724E-06
-41.5313E-09,+118.4071989E-06,+761.6232724E-06,+761.6232724E-06
-40.7500E-09,+761.6232724E-06,+761.6232724E-06,-2.6152611135E-03
-39.9688E-09,-2.6152611135E-03,+761.6232724E-06,+118.4071989E-06
-39.1875E-09,-3.2584771870E-03,+761.6232724E-06,+761.6232724E-06
-38.4063E-09,-3.2584771870E-03,+761.6232724E-06,+761.6232724E-06
-37.6250E-09,-3.2584771870E-03,+761.6232724E-06,+761.6232724E-06
-36.8438E-09,+118.4071989E-06,-2.6152611135E-03,-2.6152611135E-03
-36.0625E-09,-1.1378741947E-03,+118.4071989E-06,+118.4071989E-06
-35.2813E-09,-2.9770701549E-03,+761.6232724E-06,+761.6232724E-06
-34.5000E-09,+118.4071989E-06,+761.6232724E-06,+761.6232724E-06
-33.7188E-09,-2.6152611135E-03,+761.6232724E-06,+761.6232724E-06
-32.9375E-09,-3.2584771870E-03,-2.6152611135E-03,+761.6232724E-06
-32.1563E-09,-3.2584771870E-03,+3.4952915848E-03,+761.6232724E-06
-31.3750E-09,-3.2584771870E-03,+1.4048393459E-03,+761.6232724E-06
-30.5938E-09,-3.2584771870E-03,+761.6232724E-06,+761.6232724E-06
-29.8125E-09,+118.4071989E-06,+761.6232724E-06,-2.6152611135E-03
-29.0313E-09,+761.6232724E-06,+761.6232724E-06,-3.2584771870E-03
-28.2500E-09,+761.6232724E-06,-2.6152611135E-03,-3.2584771870E-03
-27.4688E-09,-2.6152611135E-03,-1.5700349941E-03,-3.2584771870E-03
-26.6875E-09,-3.2584771870E-03,+440.0152357E-06,-3.2584771870E-03
-25.9063E-09,-3.2584771870E-03,-2.6152611135E-03,-3.2584771870E-03
-25.1250E-09,-1.7810902682E-03,-3.2584771870E-03,-3.2584771870E-03
-24.3438E-09,+399.8142311E-06,+3.4952915848E-03,-1.5700349941E-03
-23.5625E-09,+761.6232724E-06,+3.0932815389E-03,+440.0152357E-06
-22.7813E-09,-5.9921454995E-03,+1.0832313092E-03,+761.6232724E-06
-22.0000E-09,-3.4795827123E-03,-2.6152611135E-03,+761.6232724E-06
-21.2188E-09,+198.8092081E-06,+118.4071989E-06,+761.6232724E-06
-20.4375E-09,+761.6232724E-06,+761.6232724E-06,+761.6232724E-06
-19.6563E-09,-2.6152611135E-03,+761.6232724E-06,+761.6232724E-06
-18.8750E-09,-3.2584771870E-03,+761.6232724E-06,+761.6232724E-06
-18.0938E-09,-1.7810902682E-03,+761.6232724E-06,+761.6232724E-06
-17.3125E-09,+399.8142311E-06,+761.6232724E-06,-1.1378741947E-03
-16.5313E-09,+761.6232724E-06,+761.6232724E-06,-2.9770701549E-03
-15.7500E-09,+761.6232724E-06,+761.6232724E-06,-3.2584771870E-03
-14.9688E-09,+761.6232724E-06,+761.6232724E-06,-3.2584771870E-03
-14.1875E-09,+761.6232724E-06,+761.6232724E-06,+118.4071989E-06
-13.4063E-09,+761.6232724E-06,+761.6232724E-06,-926.8189206E-06
-12.6250E-09,+761.6232724E-06,+761.6232724E-06,-2.9368691503E-03
-11.8438E-09,+761.6232724E-06,-2.6152611135E-03,-3.2584771870E-03
-11.0625E-09,+2.4500654654E-03,-3.2584771870E-03,+118.4071989E-06
-10.2813E-09,+4.4601156951E-03,+118.4071989E-06,+761.6232724E-06
-9.5000E-09,+8.1586081178E-03,-1.1378741947E-03,+761.6232724E-06
-8.7188E-09,+12.1787085773E-03,-2.9770701549E-03,-2.6152611135E-03
-7.9375E-09,+19.5756934227E-03,+3.4952915848E-03,+118.4071989E-06
-7.1563E-09,+23.6058441333E-03,+1.4048393459E-03,-2.6152611135E-03
-6.3750E-09,+28.1385074013E-03,+761.6232724E-06,-1.7810902682E-03
-5.5938E-09,+42.4098640324E-03,+761.6232724E-06,+399.8142311E-06
-4.8125E-09,+58.4902658702E-03,+761.6232724E-06,+761.6232724E-06
-4.0313E-09,+70.3495622256E-03,-2.6152611135E-03,-2.6152611135E-03
-3.2500E-09,+79.7163962961E-03,+118.4071989E-06,-3.2584771870E-03
-2.4688E-09,+104.8018231631E-03,-1.1378741947E-03,-3.2584771870E-03
-1.6875E-09,+132.9425263793E-03,-2.9770701549E-03,+118.4071989E-06
-906.3E-12,+164.4601139815E-03,-3.2584771870E-03,-2.6152611135E-03
-125.0E-12,+181.8470484686E-03,+3.4952915848E-03,+118.4071989E-06
+656.2E-12,+198.9525759236E-03,+1.4048393459E-03,-1.1378741947E-03
+1.4375E-09,+235.5354901047E-03,+761.6232724E-06,-2.9770701549E-03
+2.2187E-09,+268.9827259273E-03,+761.6232724E-06,-3.2584771870E-03
+3.0000E-09,+289.7465448004E-03,+761.6232724E-06,-3.2584771870E-03
+3.7812E-09,+304.1184039430E-03,-2.6152611135E-03,-3.2584771870E-03
+4.5625E-09,+336.6812176646E-03,-3.2584771870E-03,-1.9921455423E-03
+5.3437E-09,+369.4852374138E-03,-3.2584771870E-03,+359.6132265E-06
+6.1250E-09,+398.2691567035E-03,+118.4071989E-06,+761.6232724E-06
+6.9062E-09,+412.6912671018E-03,-2.6152611135E-03,+761.6232724E-06
+7.6875E-09,+424.9224227497E-03,+3.4952915848E-03,+2.4500654654E-03
+8.4687E-09,+443.7766939045E-03,+4.7817237319E-03,+4.4601156951E-03
+9.2500E-09,+460.5003118158E-03,+4.7817237319E-03,+1.4048393459E-03
+10.0313E-09,+473.2038292677E-03,+4.7817237319E-03,+761.6232724E-06
+10.8125E-09,+477.6661407777E-03,+4.7817237319E-03,+761.6232724E-06
+11.5938E-09,+482.3696583153E-03,+6.6812211990E-03,-926.8189206E-06
+12.3750E-09,+489.9274471791E-03,+8.5204171592E-03,-2.9368691503E-03
+13.1563E-09,+491.2138793261E-03,+15.5555929632E-03,+118.4071989E-06
+13.9375E-09,+492.9023215191E-03,+23.5957938821E-03,+761.6232724E-06
+14.7188E-09,+494.9123717488E-03,+28.2591104151E-03,-1.3489294688E-03
+15.5000E-09,+491.8570953996E-03,+37.3445374535E-03,-3.0172711595E-03
+16.2812E-09,+494.5907637120E-03,+47.3947886021E-03,-3.2584771870E-03
+17.0625E-09,+491.8570953996E-03,+59.1334819437E-03,+118.4071989E-06
+17.8437E-09,+492.4802109708E-03,+77.9475520940E-03,-2.6152611135E-03
+18.6250E-09,+494.8319697396E-03,+101.4249387772E-03,-1.7810902682E-03
+19.4062E-09,+495.2339797856E-03,+114.9927778279E-03,+399.8142311E-06
+20.1875E-09,+495.2339797856E-03,+130.7716721312E-03,+761.6232724E-06
+20.9687E-09,+495.2339797856E-03,+157.0631291361E-03,+761.6232724E-06
+21.7500E-09,+495.2339797856E-03,+188.5807167382E-03,+761.6232724E-06
+22.5312E-09,+495.2339797856E-03,+208.2892592407E-03,+761.6232724E-06
+23.3125E-09,+495.2339797856E-03,+223.5153897309E-03,+761.6232724E-06
+24.0937E-09,+495.2339797856E-03,+263.0329772473E-03,+761.6232724E-06
+24.8750E-09,+496.7113667044E-03,+297.1234291435E-03,-2.6152611135E-03
+25.6562E-09,+498.8922712037E-03,+336.0380015911E-03,-1.5700349941E-03
+26.4375E-09,+499.2540802450E-03,+355.9776998700E-03,+440.0152357E-06
+27.2187E-09,+502.6309646310E-03,+375.4349860937E-03,-2.6152611135E-03
+28.0000E-09,+503.2741807045E-03,+405.6661415489E-03,-3.2584771870E-03
+28.7812E-09,+503.2741807045E-03,+441.2038296105E-03,-3.2584771870E-03
+29.5625E-09,+503.2741807045E-03,+458.6008143488E-03,-1.9921455423E-03
+30.3437E-09,+503.2741807045E-03,+469.4651358404E-03,+359.6132265E-06
+31.1250E-09,+503.2741807045E-03,+494.7515677304E-03,-2.6152611135E-03
+31.9062E-09,+503.2741807045E-03,+519.5153865607E-03,+3.4952915848E-03
+32.6875E-09,+503.2741807045E-03,+536.8822205455E-03,+2.8822262648E-03
+33.4687E-09,+499.8972963185E-03,+544.3093561444E-03,+1.0430303046E-03
+34.2500E-09,+499.2540802450E-03,+550.5103611031E-03,+761.6232724E-06
+35.0312E-09,+495.8771958591E-03,+561.6460393758E-03,+761.6232724E-06
+35.8125E-09,+495.2339797856E-03,+573.7063407541E-03,+761.6232724E-06
+36.5937E-09,+495.2339797856E-03,+577.5354864418E-03,+761.6232724E-06
+37.3750E-09,+495.2339797856E-03,+579.3746824020E-03,+761.6232724E-06
+38.1562E-09,+495.2339797856E-03,+583.0329738201E-03,+4.1385076584E-03
+38.9375E-09,+493.3344823185E-03,+580.2993055077E-03,+8.1586081178E-03
+39.7187E-09,+491.4952863583E-03,+583.0329738201E-03,+10.7013216584E-03
+40.5000E-09,+494.5907637120E-03,+583.6761898936E-03,+12.5405176186E-03
+41.2812E-09,+495.2339797856E-03,+583.6761898936E-03,+12.8219246508E-03
+42.0625E-09,+491.8570953996E-03,+583.6761898936E-03,+19.5756934227E-03
+42.8437E-09,+491.2138793261E-03,+580.2993055077E-03,+27.6158943416E-03
+43.6250E-09,+491.2138793261E-03,+579.6560894341E-03,+30.3797134075E-03
+44.4062E-09,+491.2138793261E-03,+580.9224210789E-03,+32.5606179067E-03
+45.1875E-09,+494.5907637120E-03,+583.2741798476E-03,+43.0530801059E-03
+45.9687E-09,+495.2339797856E-03,+580.2993055077E-03,+51.7364970983E-03
+46.7500E-09,+495.2339797856E-03,+579.6560894341E-03,+61.0430296620E-03
+47.5312E-09,+498.6108641715E-03,+581.3445316271E-03,+68.0581049637E-03
+48.3125E-09,+502.6309646310E-03,+583.3545818568E-03,+79.2339842410E-03
+49.0937E-09,+506.6510650904E-03,+583.6761898936E-03,+87.9174012334E-03
+49.8750E-09,+510.2490550016E-03,+583.6761898936E-03,+99.3344865383E-03
+50.6562E-09,+514.6108640001E-03,+583.6761898936E-03,+108.0179035307E-03
+51.4375E-09,+522.0882508547E-03,+583.6761898936E-03,+116.0581044496E-03
+52.2187E-09,+530.1284517736E-03,+583.6761898936E-03,+127.4751897545E-03
+53.0000E-09,+535.2138788548E-03,+587.0530742795E-03,+139.5354911328E-03
+53.7812E-09,+538.8922707752E-03,+587.6962903531E-03,+151.5957925112E-03
+54.5625E-09,+546.2088536115E-03,+587.6962903531E-03,+157.7465462142E-03
+55.3437E-09,+554.2490545304E-03,+587.6962903531E-03,+164.4601139815E-03
+56.1250E-09,+562.2892554493E-03,+591.0731747390E-03,+175.7163952680E-03
+56.9062E-09,+566.7415167081E-03,+591.7163908125E-03,+184.3998122604E-03
+57.6875E-09,+570.9324714371E-03,+595.0932751985E-03,+189.2741840675E-03
+58.4687E-09,+581.7465416731E-03,+594.0480490790E-03,+193.1234302574E-03
+59.2500E-09,+587.0530742795E-03,+592.0379988493E-03,+207.2339828701E-03
+60.0312E-09,+591.0731747390E-03,+591.7163908125E-03,+209.8068471641E-03
+60.8125E-09,+591.7163908125E-03,+595.0932751985E-03,+219.9375003220E-03
+61.5937E-09,+591.7163908125E-03,+595.7364912720E-03,+223.3445354614E-03
+62.3750E-09,+598.4701595844E-03,+595.7364912720E-03,+225.5254399606E-03
+63.1562E-09,+599.7565917314E-03,+595.7364912720E-03,+232.6410177739E-03
+63.9375E-09,+597.8570942643E-03,+599.1133756579E-03,+237.3043343068E-03
+64.7187E-09,+596.0178983041E-03,+599.7565917314E-03,+239.8470478474E-03
+65.5000E-09,+599.1133756579E-03,+599.7565917314E-03,+241.6862438076E-03
+66.2813E-09,+599.7565917314E-03,+599.7565917314E-03,+245.3445352257E-03
+67.0625E-09,+599.7565917314E-03,+599.7565917314E-03,+245.9877512993E-03
+67.8438E-09,+598.2792048126E-03,+599.7565917314E-03,+249.3646356852E-03
+68.6250E-09,+596.0983003133E-03,+603.1334761174E-03,+250.0078517587E-03
+69.4063E-09,+595.7364912720E-03,+600.8219183532E-03,+250.0078517587E-03
+70.1875E-09,+588.9827225001E-03,+596.4601093547E-03,+256.7616205306E-03
+70.9688E-09,+591.2842300131E-03,+595.7364912720E-03,+251.2942839057E-03
+71.7500E-09,+595.1334762030E-03,+595.7364912720E-03,+254.0179019670E-03
+72.5313E-09,+592.3596068860E-03,+591.9374963378E-03,+257.5254396179E-03
+73.3125E-09,+591.7163908125E-03,+588.2591044174E-03,+254.6711682917E-03
+74.0938E-09,+591.7163908125E-03,+580.9425215812E-03,+254.0279522182E-03
+74.8750E-09,+593.1937777314E-03,+576.2792050482E-03,+254.0279522182E-03
+75.6563E-09,+595.3746822306E-03,+568.8822202028E-03,+254.0279522182E-03
+76.4375E-09,+595.7364912720E-03,+565.9073458628E-03,+254.0279522182E-03
+77.2188E-09,+595.7364912720E-03,+563.8972956331E-03,+254.0279522182E-03
+78.0000E-09,+593.6259385307E-03,+550.0681500525E-03,+254.0279522182E-03
+78.7813E-09,+591.9575968401E-03,+544.1184013725E-03,+257.4048366041E-03
+79.5625E-09,+598.4701595844E-03,+539.4651350907E-03,+256.5706657588E-03
+80.3438E-09,+596.3797073455E-03,+535.9575974398E-03,+254.3897612595E-03
+81.1250E-09,+595.7364912720E-03,+525.3043312223E-03,+254.0279522182E-03
+81.9063E-09,+595.7364912720E-03,+513.2440298439E-03,+254.0279522182E-03
+82.6875E-09,+595.7364912720E-03,+497.8068440796E-03,+254.0279522182E-03
+83.4688E-09,+599.1133756579E-03,+491.8570953996E-03,+254.0279522182E-03
+84.2500E-09,+599.7565917314E-03,+487.8369949402E-03,+254.0279522182E-03
+85.0313E-09,+599.7565917314E-03,+477.0631257088E-03,+254.0279522182E-03
+85.8125E-09,+599.7565917314E-03,+465.0028243304E-03,+254.0279522182E-03
+86.5938E-09,+599.7565917314E-03,+456.7415178863E-03,+254.0279522182E-03
+87.3750E-09,+603.1334761174E-03,+451.7364928142E-03,+254.0279522182E-03
+88.1563E-09,+603.7766921909E-03,+437.5053371878E-03,+254.0279522182E-03
+88.9375E-09,+603.7766921909E-03,+424.8018197359E-03,+250.6510678322E-03
+89.7188E-09,+603.7766921909E-03,+412.7415183575E-03,+251.9073492258E-03
+90.5000E-09,+603.7766921909E-03,+403.8470460910E-03,+253.7465451860E-03
+91.2813E-09,+607.1535765768E-03,+395.9776994416E-03,+250.6510678322E-03
+92.0625E-09,+607.7967926503E-03,+387.9776995273E-03,+253.3847361447E-03
+92.8438E-09,+607.7967926503E-03,+379.9374986083E-03,+254.0279522182E-03
+93.6250E-09,+607.7967926503E-03,+371.8972976894E-03,+252.3395100252E-03
+94.4063E-09,+607.7967926503E-03,+366.1787047859E-03,+250.3294597955E-03
+95.1875E-09,+604.4199082644E-03,+359.6359912881E-03,+250.0078517587E-03
+95.9688E-09,+605.4651343838E-03,+358.5505641640E-03,+250.0078517587E-03
+96.7500E-09,+607.4751846136E-03,+351.7967953921E-03,+250.0078517587E-03
+97.5313E-09,+601.0430238784E-03,+350.5103632451E-03,+250.0078517587E-03
+98.3125E-09,+596.3797073455E-03,+350.5103632451E-03,+250.0078517587E-03
+99.0938E-09,+588.9827225001E-03,+343.7565944732E-03,+250.0078517587E-03
+99.8750E-09,+582.8420190483E-03,+342.4701623262E-03,+253.3847361447E-03
+100.6563E-09,+576.6410140895E-03,+342.4701623262E-03,+252.1284547511E-03
+101.4375E-09,+572.2591045887E-03,+340.7817201332E-03,+250.2892587909E-03
+102.2188E-09,+558.1083509714E-03,+338.7716699035E-03,+256.7616205306E-03
+103.0000E-09,+547.5153862608E-03,+341.8269462527E-03,+254.6711682917E-03
+103.7813E-09,+540.5003109590E-03,+342.4701623262E-03,+257.4048366041E-03
+104.5625E-09,+532.7013160677E-03,+342.4701623262E-03,+258.0480526776E-03
+105.3438E-09,+517.9073463769E-03,+342.4701623262E-03,+258.0480526776E-03
+106.1250E-09,+505.2038289250E-03,+342.4701623262E-03,+258.0480526776E-03
+106.9063E-09,+496.5204119326E-03,+339.0932779403E-03,+258.0480526776E-03
+107.6875E-09,+488.4802110137E-03,+341.8269462527E-03,+259.7364948706E-03
+108.4688E-09,+473.6862413229E-03,+342.4701623262E-03,+261.7465451003E-03
+109.2500E-09,+460.9827238710E-03,+342.4701623262E-03,+265.4450375230E-03
+110.0313E-09,+445.5455381067E-03,+339.0932779403E-03,+269.4651379825E-03
+110.8125E-09,+438.7515683302E-03,+338.4500618668E-03,+273.4852384419E-03
+111.5938E-09,+432.0380005629E-03,+338.4500618668E-03,+274.1284545154E-03
+112.3750E-09,+420.7817192764E-03,+338.4500618668E-03,+274.1284545154E-03
+113.1563E-09,+412.0983022840E-03,+338.4500618668E-03,+274.1284545154E-03
+113.9375E-09,+405.3244330098E-03,+338.4500618668E-03,+277.5053389014E-03
+114.7188E-09,+399.6359908597E-03,+335.0731774808E-03,+278.1485549749E-03
+115.5000E-09,+395.3746843727E-03,+336.1184036003E-03,+278.1485549749E-03
+116.2813E-09,+387.9776995273E-03,+338.1284538300E-03,+278.1485549749E-03
+117.0625E-09,+383.3143829943E-03,+338.4500618668E-03,+281.5254393609E-03
+117.8438E-09,+379.7163930831E-03,+338.4500618668E-03,+282.1686554344E-03
+118.6250E-09,+375.3545840846E-03,+338.4500618668E-03,+283.6460423532E-03
+119.4063E-09,+371.2540816159E-03,+339.7163935115E-03,+285.8269468525E-03
+120.1875E-09,+367.2339811565E-03,+342.0681522803E-03,+286.1887558938E-03
+120.9688E-09,+364.6912676159E-03,+345.8470467122E-03,+286.1887558938E-03
+121.7500E-09,+362.8520716557E-03,+346.4902627857E-03,+286.1887558938E-03
+122.5313E-09,+359.1937802375E-03,+350.0782024457E-03,+286.1887558938E-03
+123.3125E-09,+358.5505641640E-03,+353.9274486357E-03,+286.1887558938E-03
+124.0938E-09,+358.5505641640E-03,+357.9073480905E-03,+286.1887558938E-03
+124.8750E-09,+356.8621219711E-03,+358.5505641640E-03,+286.1887558938E-03
+125.6563E-09,+354.8520717413E-03,+361.9274485500E-03,+286.1887558938E-03
+126.4375E-09,+357.9073480905E-03,+362.5706646235E-03,+286.1887558938E-03
+127.2188E-09,+355.1736797781E-03,+362.5706646235E-03,+279.4349871219E-03
+128.0000E-09,+354.5304637046E-03,+365.9475490094E-03,+284.9023237468E-03
+128.7813E-09,+354.5304637046E-03,+369.9676494689E-03,+279.4349871219E-03
+129.5625E-09,+354.5304637046E-03,+370.6108655424E-03,+279.4148866196E-03
+130.3438E-09,+354.5304637046E-03,+370.6108655424E-03,+281.7666453884E-03
+131.1250E-09,+354.5304637046E-03,+370.6108655424E-03,+278.7917710484E-03
+131.9063E-09,+354.5304637046E-03,+370.6108655424E-03,+278.1485549749E-03
+132.6875E-09,+354.5304637046E-03,+370.6108655424E-03,+278.1485549749E-03
+133.4688E-09,+354.5304637046E-03,+368.9224233494E-03,+278.1485549749E-03
+134.2500E-09,+354.5304637046E-03,+366.9123731197E-03,+278.1485549749E-03
+135.0313E-09,+354.5304637046E-03,+366.5907650829E-03,+274.7716705890E-03
+135.8125E-09,+353.0530767857E-03,+363.2138806970E-03,+277.5053389014E-03
+136.5938E-09,+350.8721722865E-03,+360.4601118823E-03,+276.4601127819E-03
+137.3750E-09,+350.5103632451E-03,+358.7917701916E-03,+274.4500625522E-03
+138.1563E-09,+350.5103632451E-03,+355.1736797781E-03,+277.5053389014E-03
+138.9375E-09,+350.5103632451E-03,+347.7766949327E-03,+278.1485549749E-03
+139.7188E-09,+350.5103632451E-03,+343.1133783997E-03,+278.1485549749E-03
+140.5000E-09,+347.1334788592E-03,+338.8822226661E-03,+278.1485549749E-03
+141.2813E-09,+346.4902627857E-03,+335.0329764762E-03,+281.5254393608E-03
+142.0625E-09,+346.4902627857E-03,+331.0530770214E-03,+282.1686554344E-03
+142.8438E-09,+346.4902627857E-03,+327.0329765619E-03,+282.1686554344E-03
+143.6250E-09,+346.4902627857E-03,+323.0128761024E-03,+283.6460423532E-03
+144.4063E-09,+349.8671471716E-03,+320.8922731101E-03,+285.8269468525E-03
+145.1875E-09,+350.5103632451E-03,+318.7113686108E-03,+286.1887558938E-03
+145.9688E-09,+350.5103632451E-03,+314.9726751835E-03,+286.1887558938E-03
+146.7500E-09,+350.5103632451E-03,+307.5756903381E-03,+288.0882533609E-03
+147.5313E-09,+350.5103632451E-03,+306.2892581911E-03,+289.9274493211E-03
+148.3125E-09,+350.5103632451E-03,+306.2892581911E-03,+290.2088563533E-03
+149.0938E-09,+353.8872476311E-03,+306.2892581911E-03,+293.5857407392E-03
+149.8750E-09,+354.5304637046E-03,+306.2892581911E-03,+290.8520724268E-03
+150.6563E-09,+354.5304637046E-03,+302.9123738052E-03,+291.8972985462E-03
+151.4375E-09,+357.9073480905E-03,+303.7465446505E-03,+293.9073487760E-03
+152.2188E-09,+361.9274485500E-03,+305.9274491497E-03,+294.2289568127E-03
+153.0000E-09,+362.5706646235E-03,+306.2892581911E-03,+290.8520724268E-03
+153.7813E-09,+362.5706646235E-03,+306.2892581911E-03,+293.5857407392E-03
+154.5625E-09,+362.5706646235E-03,+306.2892581911E-03,+292.7515698939E-03
+155.3438E-09,+362.5706646235E-03,+306.2892581911E-03,+290.5706653946E-03
+156.1250E-09,+362.5706646235E-03,+313.0430269630E-03,+286.8319719673E-03
+156.9063E-09,+362.5706646235E-03,+310.9525747241E-03,+289.5656402798E-03
+157.6875E-09,+362.5706646235E-03,+310.3093586506E-03,+290.2088563533E-03
+158.4688E-09,+362.5706646235E-03,+310.3093586506E-03,+290.2088563533E-03
+159.2500E-09,+359.1937802375E-03,+310.3093586506E-03,+286.8319719673E-03
+160.0313E-09,+355.1736797781E-03,+317.0631274224E-03,+286.1887558938E-03
+160.8125E-09,+353.0530767857E-03,+318.3495595695E-03,+286.1887558938E-03
+161.5938E-09,+350.8721722865E-03,+318.3495595695E-03,+284.5003137008E-03
+162.3750E-09,+347.1334788592E-03,+318.3495595695E-03,+282.4902634711E-03
+163.1563E-09,+343.1133783997E-03,+318.3495595695E-03,+288.9224242062E-03
+163.9375E-09,+340.5706648591E-03,+314.9726751835E-03,+286.8319719673E-03
+164.7188E-09,+338.7314688989E-03,+314.3294591100E-03,+286.1887558938E-03
+165.5000E-09,+335.0731774808E-03,+314.3294591100E-03,+286.1887558938E-03
+166.2813E-09,+331.0530770214E-03,+314.3294591100E-03,+282.8118715079E-03
+167.0625E-09,+327.0329765619E-03,+314.3294591100E-03,+288.9224242062E-03
+167.8438E-09,+326.3897604884E-03,+314.3294591100E-03,+290.2088563533E-03
+168.6250E-09,+326.3897604884E-03,+317.7063434960E-03,+290.2088563533E-03
+169.4063E-09,+319.6359917165E-03,+315.3947857318E-03,+290.2088563533E-03
+170.1875E-09,+321.7264439554E-03,+311.0329767333E-03,+290.2088563533E-03
+170.9688E-09,+320.4701625618E-03,+310.3093586506E-03,+290.2088563533E-03
+171.7500E-09,+318.6309666016E-03,+310.3093586506E-03,+292.1083538204E-03
+172.5313E-09,+314.9726751835E-03,+308.4098611835E-03,+293.9475497806E-03
+173.3125E-09,+314.3294591100E-03,+306.5706652233E-03,+294.2289568127E-03
+174.0938E-09,+314.3294591100E-03,+306.2892581911E-03,+290.8520724268E-03
+174.8750E-09,+315.8068460289E-03,+302.9123738052E-03,+290.2088563533E-03
+175.6563E-09,+317.9877505281E-03,+305.6460421176E-03,+290.2088563533E-03
+176.4375E-09,+318.3495595695E-03,+306.2892581911E-03,+290.2088563533E-03
+177.2188E-09,+318.3495595695E-03,+306.2892581911E-03,+290.2088563533E-03
+178.0000E-09,+320.2490570366E-03,+306.2892581911E-03,+290.2088563533E-03
+178.7813E-09,+322.0882529968E-03,+306.2892581911E-03,+290.2088563533E-03
+179.5625E-09,+318.9927756430E-03,+306.2892581911E-03,+288.7314694344E-03
+180.3438E-09,+314.9726751835E-03,+306.2892581911E-03,+286.5505649352E-03
+181.1250E-09,+321.0832278819E-03,+306.2892581911E-03,+286.1887558938E-03
+181.9063E-09,+322.3696600289E-03,+306.2892581911E-03,+286.1887558938E-03
+182.6875E-09,+322.3696600289E-03,+309.6661425770E-03,+286.1887558938E-03
+183.4688E-09,+322.3696600289E-03,+311.7867455694E-03,+286.1887558938E-03
+184.2500E-09,+325.7465444149E-03,+313.9676500687E-03,+286.1887558938E-03
+185.0313E-09,+326.3897604884E-03,+314.3294591100E-03,+286.1887558938E-03
+185.8125E-09,+326.3897604884E-03,+314.3294591100E-03,+282.8118715079E-03
+186.5938E-09,+326.3897604884E-03,+314.3294591100E-03,+282.1686554344E-03
+187.3750E-09,+326.3897604884E-03,+314.3294591100E-03,+282.1686554344E-03
+188.1563E-09,+326.3897604884E-03,+314.3294591100E-03,+285.5455398203E-03
+188.9375E-09,+324.4902630213E-03,+314.3294591100E-03,+282.8118715079E-03
+189.7188E-09,+322.6510670611E-03,+310.9525747241E-03,+282.1686554344E-03
+190.5000E-09,+325.7465444149E-03,+308.4098611835E-03,+282.1686554344E-03
+191.2813E-09,+326.3897604884E-03,+306.5706652233E-03,+282.1686554344E-03
+192.0625E-09,+326.3897604884E-03,+309.6661425770E-03,+285.5455398203E-03
+192.8438E-09,+324.9123735695E-03,+306.9324742646E-03,+282.8118715079E-03
+193.6250E-09,+322.7314690703E-03,+309.6661425770E-03,+282.1686554344E-03
+194.4063E-09,+325.7465444149E-03,+308.8319717317E-03,+282.1686554344E-03
+195.1875E-09,+323.0128761024E-03,+306.6510672325E-03,+282.1686554344E-03
+195.9688E-09,+320.4701625618E-03,+302.9123738052E-03,+285.5455398203E-03
+196.7500E-09,+318.6309666016E-03,+302.2691577316E-03,+286.1887558938E-03
+197.5313E-09,+314.9726751835E-03,+302.2691577316E-03,+286.1887558938E-03
+198.3125E-09,+314.3294591100E-03,+302.2691577316E-03,+286.1887558938E-03
+199.0938E-09,+314.3294591100E-03,+298.8922733457E-03,+286.1887558938E-03
+199.8750E-09,+314.3294591100E-03,+301.6259416581E-03,+286.1887558938E-03
+200.6563E-09,+314.3294591100E-03,+302.2691577316E-03,+287.8771980868E-03
+201.4375E-09,+310.9525747241E-03,+300.5807155387E-03,+289.8872483165E-03
+202.2188E-09,+310.3093586506E-03,+298.5706653089E-03,+290.2088563533E-03
+203.0000E-09,+310.3093586506E-03,+294.8721728862E-03,+290.2088563533E-03
+203.7813E-09,+310.3093586506E-03,+297.6058411987E-03,+290.2088563533E-03
+204.5625E-09,+310.3093586506E-03,+298.2490572722E-03,+290.2088563533E-03
+205.3438E-09,+310.3093586506E-03,+298.2490572722E-03,+290.2088563533E-03
+206.1250E-09,+310.3093586506E-03,+298.2490572722E-03,+286.8319719673E-03
+206.9062E-09,+311.7867455694E-03,+298.2490572722E-03,+289.5656402798E-03
+207.6875E-09,+313.9676500687E-03,+301.6259416581E-03,+291.8972985462E-03
+208.4687E-09,+314.3294591100E-03,+302.2691577316E-03,+293.9073487760E-03
+209.2500E-09,+310.9525747241E-03,+302.2691577316E-03,+290.8520724268E-03
+210.0312E-09,+313.6862430365E-03,+302.2691577316E-03,+290.2088563533E-03
+210.8125E-09,+314.3294591100E-03,+302.2691577316E-03,+290.2088563533E-03
+211.5937E-09,+314.3294591100E-03,+304.1686551987E-03,+288.5204141603E-03
+212.3750E-09,+314.3294591100E-03,+306.0078511589E-03,+286.5103639306E-03
+213.1562E-09,+314.3294591100E-03,+309.6661425770E-03,+289.5656402798E-03
+213.9375E-09,+314.3294591100E-03,+310.3093586506E-03,+290.2088563533E-03
+214.7187E-09,+314.3294591100E-03,+310.3093586506E-03,+290.2088563533E-03
+215.5000E-09,+314.3294591100E-03,+310.3093586506E-03,+290.2088563533E-03
+216.2812E-09,+314.3294591100E-03,+310.3093586506E-03,+293.5857407392E-03
+217.0625E-09,+314.3294591100E-03,+310.3093586506E-03,+287.4751880409E-03
+217.8437E-09,+314.3294591100E-03,+310.3093586506E-03,+289.5656402798E-03
+218.6250E-09,+314.3294591100E-03,+306.9324742646E-03,+290.2088563533E-03
+219.4062E-09,+310.9525747241E-03,+307.5555898358E-03,+290.2088563533E-03
+220.1875E-09,+313.6862430365E-03,+309.9073486046E-03,+290.2088563533E-03
+220.9687E-09,+312.4299616429E-03,+310.3093586506E-03,+293.5857407392E-03
+221.7500E-09,+310.5907656827E-03,+310.3093586506E-03,+292.1184040715E-03
+222.5312E-09,+310.3093586506E-03,+308.4098611835E-03,+290.4500623808E-03
+223.3125E-09,+306.9324742646E-03,+306.5706652233E-03,+293.5857407392E-03
+224.0937E-09,+309.6661425770E-03,+306.2892581911E-03,+294.2289568127E-03
+224.8750E-09,+308.6209164576E-03,+306.2892581911E-03,+294.2289568127E-03
+225.6562E-09,+306.6108662279E-03,+309.6661425770E-03,+294.2289568127E-03
+226.4375E-09,+306.2892581911E-03,+308.6209164576E-03,+294.2289568127E-03
+227.2187E-09,+306.2892581911E-03,+306.6108662279E-03,+290.8520724268E-03
+228.0000E-09,+304.1787054499E-03,+302.9123738052E-03,+290.2088563533E-03
+228.7812E-09,+302.5103637592E-03,+305.6460421176E-03,+290.2088563533E-03
+229.5625E-09,+309.0229265035E-03,+306.2892581911E-03,+290.2088563533E-03
+230.3437E-09,+306.9324742646E-03,+306.2892581911E-03,+290.2088563533E-03
+231.1250E-09,+306.2892581911E-03,+302.9123738052E-03,+286.8319719673E-03
+231.9062E-09,+307.7666451099E-03,+302.2691577316E-03,+286.1887558938E-03
+232.6875E-09,+309.9475496092E-03,+302.2691577316E-03,+286.1887558938E-03
+233.4687E-09,+310.3093586506E-03,+303.7465446505E-03,+286.1887558938E-03
+234.2500E-09,+310.3093586506E-03,+305.9274491497E-03,+282.8118715079E-03
+235.0312E-09,+313.6862430365E-03,+302.9123738052E-03,+285.5455398203E-03
+235.8125E-09,+312.8520721912E-03,+305.6460421176E-03,+286.1887558938E-03
+236.5937E-09,+310.6711676919E-03,+306.2892581911E-03,+286.1887558938E-03
+237.3750E-09,+313.6862430365E-03,+306.2892581911E-03,+286.1887558938E-03
+238.1562E-09,+314.3294591100E-03,+306.2892581911E-03,+286.1887558938E-03
+238.9375E-09,+312.4299616429E-03,+302.9123738052E-03,+286.1887558938E-03
+239.7187E-09,+310.5907656827E-03,+305.6460421176E-03,+286.1887558938E-03
+240.5000E-09,+313.6862430365E-03,+306.2892581911E-03,+286.1887558938E-03
+241.2812E-09,+310.9525747241E-03,+306.2892581911E-03,+286.1887558938E-03
+242.0625E-09,+313.6862430365E-03,+309.6661425770E-03,+289.5656402798E-03
+242.8437E-09,+312.8520721912E-03,+303.5555898787E-03,+290.2088563533E-03
+243.6250E-09,+310.6711676919E-03,+305.6460421176E-03,+291.6862432721E-03
+244.4062E-09,+310.3093586506E-03,+306.2892581911E-03,+293.8671477714E-03
+245.1875E-09,+313.6862430365E-03,+306.2892581911E-03,+294.2289568127E-03
+245.9687E-09,+314.3294591100E-03,+306.2892581911E-03,+290.8520724268E-03
+246.7500E-09,+314.3294591100E-03,+299.5354894192E-03,+292.1083538204E-03
+247.5312E-09,+314.3294591100E-03,+299.9374994652E-03,+293.9475497806E-03
+248.3125E-09,+314.3294591100E-03,+301.9475496949E-03,+294.2289568127E-03
+249.0937E-09,+314.3294591100E-03,+302.2691577316E-03,+294.2289568127E-03
+249.8750E-09,+312.6410169170E-03,+302.2691577316E-03,+294.2289568127E-03
+250.6562E-09,+310.6309666873E-03,+302.2691577316E-03,+294.2289568127E-03
+251.4375E-09,+313.6862430365E-03,+300.5807155387E-03,+294.2289568127E-03
+252.2188E-09,+314.3294591100E-03,+298.5706653089E-03,+294.2289568127E-03
+253.0000E-09,+314.3294591100E-03,+301.6259416581E-03,+294.2289568127E-03
+253.7813E-09,+314.3294591100E-03,+298.8922733457E-03,+290.8520724268E-03
+254.5625E-09,+310.9525747241E-03,+298.2490572722E-03,+291.4751879980E-03
+255.3438E-09,+310.3093586506E-03,+298.2490572722E-03,+293.8269467668E-03
+256.1250E-09,+310.3093586506E-03,+301.6259416581E-03,+290.8520724268E-03
+256.9063E-09,+311.7867455694E-03,+302.2691577316E-03,+286.8319719673E-03
+257.6875E-09,+313.9676500687E-03,+302.2691577316E-03,+287.8771980868E-03
+258.4688E-09,+314.3294591100E-03,+302.2691577316E-03,+289.8872483165E-03
+259.2500E-09,+314.3294591100E-03,+302.2691577316E-03,+286.8319719673E-03
+260.0313E-09,+307.5756903381E-03,+305.6460421176E-03,+286.1887558938E-03
+260.8125E-09,+307.5555898358E-03,+306.2892581911E-03,+286.1887558938E-03
+261.5938E-09,+309.9073486046E-03,+306.2892581911E-03,+286.1887558938E-03
+262.3750E-09,+310.3093586506E-03,+306.2892581911E-03,+286.1887558938E-03
+263.1563E-09,+313.6862430365E-03,+306.2892581911E-03,+289.5656402798E-03
+263.9375E-09,+312.4299616429E-03,+309.6661425770E-03,+286.8319719673E-03
+264.7188E-09,+310.5907656827E-03,+306.9324742646E-03,+286.1887558938E-03
+265.5000E-09,+310.3093586506E-03,+307.9777003841E-03,+286.1887558938E-03
+266.2813E-09,+310.3093586506E-03,+309.9877506138E-03,+286.1887558938E-03
+267.0625E-09,+310.3093586506E-03,+306.9324742646E-03,+286.1887558938E-03
+267.8438E-09,+308.8319717317E-03,+309.6661425770E-03,+289.5656402798E-03
+268.6250E-09,+306.6510672325E-03,+310.3093586506E-03,+288.5204141603E-03
+269.4063E-09,+306.2892581911E-03,+308.8319717317E-03,+286.5103639306E-03
+270.1875E-09,+309.6661425770E-03,+306.6510672325E-03,+289.5656402798E-03
+270.9688E-09,+310.3093586506E-03,+302.9123738052E-03,+290.2088563533E-03
+271.7500E-09,+310.3093586506E-03,+305.6460421176E-03,+292.1083538204E-03
+272.5313E-09,+306.9324742646E-03,+306.2892581911E-03,+293.9475497806E-03
+273.3125E-09,+306.2892581911E-03,+306.2892581911E-03,+290.8520724268E-03
+274.0938E-09,+306.2892581911E-03,+306.2892581911E-03,+290.2088563533E-03
+274.8750E-09,+307.7666451100E-03,+302.9123738052E-03,+290.2088563533E-03
+275.6563E-09,+309.9475496092E-03,+302.2691577316E-03,+290.2088563533E-03
+276.4375E-09,+306.9324742646E-03,+302.2691577316E-03,+290.2088563533E-03
+277.2188E-09,+306.2892581911E-03,+302.2691577316E-03,+286.8319719673E-03
+278.0000E-09,+308.1887556582E-03,+298.8922733457E-03,+289.5656402798E-03
+278.7813E-09,+310.0279516184E-03,+298.2490572722E-03,+293.5857407392E-03
+279.5625E-09,+310.3093586506E-03,+300.1485547393E-03,+294.2289568127E-03
+280.3438E-09,+306.9324742646E-03,+301.9877506995E-03,+294.2289568127E-03
+281.1250E-09,+309.6661425770E-03,+302.2691577316E-03,+290.8520724268E-03
+281.9063E-09,+310.3093586506E-03,+302.2691577316E-03,+290.2088563533E-03
+282.6875E-09,+310.3093586506E-03,+302.2691577316E-03,+291.8972985462E-03
+283.4688E-09,+306.9324742646E-03,+302.2691577316E-03,+293.9073487760E-03
+284.2500E-09,+306.2892581911E-03,+302.2691577316E-03,+290.8520724268E-03
+285.0313E-09,+313.0430269630E-03,+305.6460421176E-03,+286.8319719673E-03
+285.8125E-09,+312.8520721912E-03,+302.9123738052E-03,+289.5656402798E-03
+286.5938E-09,+310.6711676919E-03,+302.2691577316E-03,+290.2088563533E-03
+287.3750E-09,+310.3093586506E-03,+302.2691577316E-03,+290.2088563533E-03
+288.1563E-09,+310.3093586506E-03,+302.2691577316E-03,+286.8319719673E-03
+288.9375E-09,+310.3093586506E-03,+309.0229265035E-03,+286.1887558938E-03
+289.7188E-09,+310.3093586506E-03,+306.9324742646E-03,+288.0882533609E-03
+290.5000E-09,+313.6862430365E-03,+304.3897607240E-03,+289.9274493211E-03
+291.2813E-09,+314.3294591100E-03,+302.5505647638E-03,+290.2088563533E-03
+292.0625E-09,+314.3294591100E-03,+305.6460421176E-03,+290.2088563533E-03
+292.8438E-09,+312.8520721912E-03,+306.2892581911E-03,+290.2088563533E-03
+293.6250E-09,+310.6711676919E-03,+306.2892581911E-03,+290.2088563533E-03
+294.4063E-09,+310.3093586506E-03,+304.8118712722E-03,+290.2088563533E-03
+295.1875E-09,+310.3093586506E-03,+302.6309667730E-03,+290.2088563533E-03
+295.9688E-09,+310.3093586506E-03,+305.6460421176E-03,+290.2088563533E-03
+296.7500E-09,+310.3093586506E-03,+306.2892581911E-03,+288.0983036121E-03
+297.5313E-09,+310.3093586506E-03,+307.9777003841E-03,+286.4299619214E-03
+298.3125E-09,+310.3093586506E-03,+309.9877506138E-03,+289.5656402798E-03
+299.0938E-09,+303.5555898787E-03,+306.9324742646E-03,+293.5857407392E-03
+299.8750E-09,+303.7465446505E-03,+306.2892581911E-03,+294.2289568127E-03
+300.6563E-09,+305.9274491498E-03,+306.2892581911E-03,+292.3294593456E-03
+301.4375E-09,+306.2892581911E-03,+304.6008159981E-03,+290.4902633854E-03
+302.2188E-09,+309.6661425770E-03,+302.5907657684E-03,+290.2088563533E-03
+303.0000E-09,+306.2993084422E-03,+302.2691577316E-03,+293.5857407392E-03
+303.7813E-09,+302.7917707914E-03,+302.2691577316E-03,+294.2289568127E-03
+304.5625E-09,+305.6460421176E-03,+302.2691577316E-03,+292.7515698939E-03
+305.3438E-09,+302.9123738052E-03,+302.2691577316E-03,+290.5706653946E-03
+306.1250E-09,+305.6460421176E-03,+302.2691577316E-03,+290.2088563533E-03
+306.9063E-09,+306.2892581911E-03,+298.8922733457E-03,+293.5857407392E-03
+307.6875E-09,+306.2892581911E-03,+301.6259416581E-03,+292.3294593456E-03
+308.4688E-09,+306.2892581911E-03,+302.2691577316E-03,+290.4902633854E-03
+309.2500E-09,+306.2892581911E-03,+302.2691577316E-03,+290.2088563533E-03
+310.0313E-09,+309.6661425770E-03,+302.2691577316E-03,+290.2088563533E-03
+310.8125E-09,+310.3093586506E-03,+298.8922733457E-03,+290.2088563533E-03
+311.5938E-09,+310.3093586506E-03,+300.1485547393E-03,+290.2088563533E-03
+312.3750E-09,+310.3093586506E-03,+301.9877506995E-03,+290.2088563533E-03
+313.1563E-09,+310.3093586506E-03,+302.2691577316E-03,+290.2088563533E-03
+313.9375E-09,+310.3093586506E-03,+302.2691577316E-03,+290.2088563533E-03
+314.7188E-09,+310.3093586506E-03,+302.2691577316E-03,+290.2088563533E-03
+315.5000E-09,+310.3093586506E-03,+303.9575999246E-03,+290.2088563533E-03
+316.2813E-09,+310.3093586506E-03,+305.9676501543E-03,+290.2088563533E-03
+317.0625E-09,+310.3093586506E-03,+306.2892581911E-03,+290.2088563533E-03
+317.8438E-09,+310.3093586506E-03,+306.2892581911E-03,+290.2088563533E-03
+318.6250E-09,+310.3093586506E-03,+306.2892581911E-03,+290.2088563533E-03
+319.4063E-09,+306.9324742646E-03,+306.2892581911E-03,+290.2088563533E-03
+320.1875E-09,+309.6661425771E-03,+306.2892581911E-03,+293.5857407392E-03
+320.9688E-09,+310.3093586506E-03,+306.2892581911E-03,+290.8520724268E-03
+321.7500E-09,+310.3093586506E-03,+306.2892581911E-03,+292.1083538204E-03
+322.5313E-09,+310.3093586506E-03,+306.2892581911E-03,+293.9475497806E-03
+323.3125E-09,+306.9324742646E-03,+306.2892581911E-03,+294.2289568127E-03
+324.0938E-09,+306.2892581911E-03,+302.9123738052E-03,+297.6058411987E-03
+324.8750E-09,+306.2892581911E-03,+305.6460421176E-03,+294.8721728862E-03
+325.6563E-09,+306.2892581911E-03,+302.9123738052E-03,+292.3294593456E-03
+326.4375E-09,+309.6661425771E-03,+302.2691577316E-03,+290.4902633854E-03
+327.2188E-09,+306.9324742646E-03,+302.2691577316E-03,+293.5857407392E-03
+328.0000E-09,+306.2892581911E-03,+302.2691577316E-03,+297.6058411987E-03
+328.7813E-09,+306.2892581911E-03,+302.2691577316E-03,+294.8721728862E-03
+329.5625E-09,+306.2892581911E-03,+300.1586049904E-03,+294.2289568127E-03
+330.3438E-09,+309.6661425771E-03,+298.4902632998E-03,+294.2289568127E-03
+331.1250E-09,+306.9324742646E-03,+298.2490572722E-03,+290.8520724268E-03
+331.9063E-09,+306.2892581911E-03,+298.2490572722E-03,+290.2088563533E-03
+332.6875E-09,+306.2892581911E-03,+301.6259416581E-03,+290.2088563533E-03
+333.4688E-09,+309.6661425771E-03,+302.2691577316E-03,+290.2088563533E-03
+334.2500E-09,+310.3093586506E-03,+302.2691577316E-03,+290.2088563533E-03
+335.0313E-09,+306.9324742646E-03,+302.2691577316E-03,+286.8319719673E-03
+335.8125E-09,+306.2892581911E-03,+302.2691577316E-03,+286.1887558938E-03
+336.5938E-09,+306.2892581911E-03,+302.2691577316E-03,+287.6661428127E-03
+337.3750E-09,+306.2892581911E-03,+302.2691577316E-03,+289.8470473119E-03
+338.1563E-09,+306.2892581911E-03,+302.2691577316E-03,+286.8319719673E-03
+338.9375E-09,+307.9777003841E-03,+302.2691577316E-03,+286.1887558938E-03
+339.7188E-09,+309.9877506138E-03,+302.2691577316E-03,+288.0882533609E-03
+340.5000E-09,+310.3093586506E-03,+303.9575999246E-03,+289.9274493211E-03
+341.2813E-09,+310.3093586506E-03,+305.9676501543E-03,+290.2088563533E-03
+342.0625E-09,+310.3093586506E-03,+306.2892581911E-03,+286.8319719673E-03
+342.8438E-09,+310.3093586506E-03,+302.9123738051E-03,+289.5656402798E-03
+343.6250E-09,+310.3093586506E-03,+305.6460421176E-03,+290.2088563533E-03
+344.4063E-09,+313.6862430365E-03,+306.2892581911E-03,+290.2088563533E-03
+345.1875E-09,+310.9525747241E-03,+306.2892581911E-03,+290.2088563533E-03
+345.9688E-09,+310.3093586506E-03,+302.9123738051E-03,+293.5857407392E-03
+346.7500E-09,+310.3093586506E-03,+302.2691577316E-03,+292.1184040715E-03
+347.5313E-09,+310.3093586506E-03,+302.2691577316E-03,+290.4500623808E-03
+348.3125E-09,+306.9324742646E-03,+302.2691577316E-03,+290.2088563533E-03
+349.0938E-09,+306.2892581911E-03,+302.2691577316E-03,+290.2088563533E-03
+349.8750E-09,+306.2892581911E-03,+302.2691577316E-03,+290.2088563533E-03
+350.6563E-09,+306.2892581911E-03,+302.2691577316E-03,+291.8972985463E-03
+351.4375E-09,+309.6661425771E-03,+302.2691577316E-03,+293.9073487760E-03
+352.2188E-09,+310.3093586506E-03,+302.2691577316E-03,+294.2289568127E-03
+353.0000E-09,+310.3093586506E-03,+302.2691577316E-03,+294.2289568127E-03
+353.7813E-09,+310.3093586506E-03,+302.2691577316E-03,+294.2289568127E-03
+354.5625E-09,+306.9324742646E-03,+300.1586049904E-03,+294.2289568127E-03
+355.3438E-09,+306.2892581911E-03,+298.4902632998E-03,+294.2289568127E-03
+356.1250E-09,+306.2892581911E-03,+301.6259416581E-03,+294.2289568127E-03
+356.9063E-09,+306.2892581911E-03,+302.2691577316E-03,+294.2289568127E-03
+357.6875E-09,+306.2892581911E-03,+298.8922733457E-03,+292.3294593456E-03
+358.4688E-09,+309.6661425771E-03,+298.2490572722E-03,+290.4902633854E-03
+359.2500E-09,+306.9324742646E-03,+298.2490572722E-03,+293.5857407392E-03
+360.0313E-09,+306.2892581911E-03,+298.2490572722E-03,+294.2289568127E-03
+360.8125E-09,+306.2892581911E-03,+301.6259416581E-03,+290.8520724268E-03
+361.5938E-09,+306.2892581911E-03,+300.1586049904E-03,+290.2088563533E-03
+362.3750E-09,+306.2892581911E-03,+298.4902632998E-03,+290.2088563533E-03
+363.1563E-09,+309.6661425771E-03,+301.6259416581E-03,+290.2088563533E-03
+363.9375E-09,+308.4098611835E-03,+302.2691577316E-03,+290.2088563533E-03
+364.7188E-09,+306.5706652233E-03,+302.2691577316E-03,+290.2088563533E-03
+365.5000E-09,+306.2892581911E-03,+302.2691577316E-03,+290.2088563533E-03
+366.2813E-09,+309.6661425771E-03,+302.2691577316E-03,+286.8319719673E-03
+367.0625E-09,+306.9324742646E-03,+302.2691577316E-03,+286.1887558938E-03
+367.8438E-09,+307.5555898358E-03,+302.2691577316E-03,+292.9425246657E-03
+368.6250E-09,+309.9073486046E-03,+305.6460421176E-03,+290.8520724268E-03
+369.4063E-09,+310.3093586506E-03,+304.8118712722E-03,+286.8319719673E-03
+370.1875E-09,+310.3093586506E-03,+302.6309667730E-03,+289.5656402798E-03
+370.9688E-09,+308.4098611835E-03,+302.2691577316E-03,+290.2088563533E-03
+371.7500E-09,+306.5706652233E-03,+302.2691577316E-03,+292.1083538204E-03
+372.5313E-09,+306.2892581911E-03,+303.9575999246E-03,+293.9475497806E-03
+373.3125E-09,+306.2892581911E-03,+305.9676501544E-03,+290.8520724268E-03
+374.0938E-09,+309.6661425771E-03,+306.2892581911E-03,+290.2088563533E-03
+374.8750E-09,+308.6209164576E-03,+302.9123738051E-03,+290.2088563533E-03
+375.6563E-09,+306.6108662279E-03,+305.6460421176E-03,+291.8972985463E-03
+376.4375E-09,+306.2892581911E-03,+306.2892581911E-03,+293.9073487760E-03
+377.2188E-09,+302.9123738051E-03,+306.2892581911E-03,+290.8520724268E-03
+378.0000E-09,+304.1686551987E-03,+302.9123738051E-03,+293.5857407392E-03
+378.7813E-09,+306.0078511589E-03,+298.8922733457E-03,+294.2289568127E-03
+379.5625E-09,+302.9123738051E-03,+298.2490572722E-03,+292.7515698939E-03
+380.3438E-09,+302.2691577316E-03,+298.2490572722E-03,+290.5706653946E-03
+381.1250E-09,+305.6460421176E-03,+301.6259416581E-03,+293.5857407392E-03
+381.9063E-09,+304.6008159981E-03,+298.8922733457E-03,+294.2289568127E-03
+382.6875E-09,+302.5907657684E-03,+298.2490572722E-03,+294.2289568127E-03
+383.4688E-09,+305.6460421176E-03,+298.2490572722E-03,+294.2289568127E-03
+384.2500E-09,+306.2892581911E-03,+298.2490572722E-03,+294.2289568127E-03
+385.0313E-09,+302.9123738051E-03,+301.6259416581E-03,+290.8520724268E-03
+385.8125E-09,+303.5354893764E-03,+298.8922733457E-03,+290.2088563533E-03
+386.5938E-09,+305.8872481452E-03,+298.2490572722E-03,+290.2088563533E-03
+387.3750E-09,+306.2892581911E-03,+298.2490572722E-03,+290.2088563533E-03
+388.1563E-09,+306.2892581911E-03,+298.2490572722E-03,+290.2088563533E-03
+388.9375E-09,+306.2892581911E-03,+301.6259416581E-03,+290.2088563533E-03
+389.7188E-09,+306.2892581911E-03,+302.2691577316E-03,+290.2088563533E-03
+390.5000E-09,+306.2892581911E-03,+300.3696602645E-03,+290.2088563533E-03
+391.2813E-09,+306.2892581911E-03,+298.5304643043E-03,+290.2088563533E-03
+392.0625E-09,+306.2892581911E-03,+301.6259416581E-03,+290.2088563533E-03
+392.8438E-09,+304.8118712722E-03,+305.6460421176E-03,+290.2088563533E-03
+393.6250E-09,+302.6309667730E-03,+302.9123738051E-03,+290.2088563533E-03
+394.4063E-09,+305.6460421176E-03,+303.5354893764E-03,+290.2088563533E-03
+395.1875E-09,+306.2892581911E-03,+305.8872481452E-03,+290.2088563533E-03
+395.9688E-09,+306.2892581911E-03,+302.9123738051E-03,+290.2088563533E-03
+396.7500E-09,+306.2892581911E-03,+302.2691577316E-03,+290.2088563533E-03
+397.5313E-09,+306.2892581911E-03,+303.9575999246E-03,+290.2088563533E-03
+398.3125E-09,+306.2892581911E-03,+305.9676501544E-03,+290.2088563533E-03
+399.0938E-09,+306.2892581911E-03,+302.9123738051E-03,+293.5857407392E-03
+399.8750E-09,+306.2892581911E-03,+305.6460421176E-03,+294.2289568127E-03
+400.6563E-09,+306.2892581911E-03,+302.9123738051E-03,+292.3294593456E-03
+401.4375E-09,+302.9123738051E-03,+302.2691577316E-03,+290.4902633854E-03
+402.2188E-09,+305.6460421176E-03,+302.2691577316E-03,+290.2088563533E-03
+403.0000E-09,+306.2892581911E-03,+302.2691577316E-03,+290.2088563533E-03
+403.7813E-09,+306.2892581911E-03,+302.2691577316E-03,+290.2088563533E-03
+404.5625E-09,+306.2892581911E-03,+302.2691577316E-03,+290.2088563533E-03
+405.3438E-09,+306.2892581911E-03,+302.2691577316E-03,+290.2088563533E-03
+406.1250E-09,+306.2892581911E-03,+298.8922733457E-03,+290.2088563533E-03
+406.9063E-09,+304.6008159981E-03,+298.2490572722E-03,+290.2088563533E-03
+407.6875E-09,+302.5907657684E-03,+298.2490572722E-03,+291.8972985463E-03
+408.4688E-09,+305.6460421176E-03,+298.2490572722E-03,+293.9073487760E-03
+409.2500E-09,+306.2892581911E-03,+298.2490572722E-03,+290.8520724268E-03
+410.0313E-09,+306.2892581911E-03,+298.2490572722E-03,+290.2088563533E-03
+410.8125E-09,+304.8118712722E-03,+301.6259416581E-03,+290.2088563533E-03
+411.5938E-09,+302.6309667730E-03,+300.1586049904E-03,+291.6862432721E-03
+412.3750E-09,+305.6460421176E-03,+298.4902632997E-03,+293.8671477714E-03
+413.1563E-09,+306.2892581911E-03,+298.2490572722E-03,+294.2289568127E-03
+413.9375E-09,+307.9777003841E-03,+298.2490572722E-03,+290.8520724268E-03
+414.7188E-09,+309.9877506138E-03,+301.6259416581E-03,+288.0983036120E-03
+415.5000E-09,+303.5555898786E-03,+302.2691577316E-03,+286.4299619214E-03
+416.2813E-09,+305.6460421176E-03,+302.2691577316E-03,+289.5656402798E-03
+417.0625E-09,+306.2892581911E-03,+302.2691577316E-03,+290.2088563533E-03
+417.8438E-09,+304.8118712722E-03,+302.2691577316E-03,+293.5857407392E-03
+418.6250E-09,+302.6309667730E-03,+302.2691577316E-03,+292.5405146198E-03
+419.4063E-09,+309.0229265036E-03,+302.2691577316E-03,+290.5304643900E-03
+420.1875E-09,+306.9324742646E-03,+302.2691577316E-03,+293.5857407392E-03
+420.9688E-09,+306.2892581911E-03,+305.6460421176E-03,+294.2289568127E-03
+421.7500E-09,+306.2892581911E-03,+302.9123738051E-03,+292.1184040715E-03
+422.5313E-09,+309.6661425771E-03,+300.3696602645E-03,+290.4500623808E-03
+423.3125E-09,+306.9324742646E-03,+298.5304643043E-03,+293.5857407392E-03
+424.0938E-09,+306.2892581911E-03,+301.6259416581E-03,+294.2289568127E-03
+424.8750E-09,+306.2892581911E-03,+302.2691577316E-03,+290.8520724268E-03
+425.6563E-09,+306.2892581911E-03,+305.6460421176E-03,+291.8972985463E-03
+426.4375E-09,+306.2892581911E-03,+304.6008159981E-03,+293.9073487760E-03
+427.2188E-09,+302.9123738051E-03,+302.5907657684E-03,+294.2289568127E-03
+428.0000E-09,+304.1686551987E-03,+302.2691577316E-03,+297.6058411987E-03
+428.7813E-09,+306.0078511589E-03,+302.2691577316E-03,+294.8721728862E-03
+429.5625E-09,+306.2892581911E-03,+302.2691577316E-03,+294.2289568127E-03
+430.3438E-09,+306.2892581911E-03,+302.2691577316E-03,+294.2289568127E-03
+431.1250E-09,+302.9123738051E-03,+302.2691577316E-03,+294.2289568127E-03
+431.9063E-09,+302.2691577316E-03,+302.2691577316E-03,+294.2289568127E-03
+432.6875E-09,+302.2691577316E-03,+302.2691577316E-03,+292.3294593456E-03
+433.4688E-09,+302.2691577316E-03,+302.2691577316E-03,+290.4902633854E-03
+434.2500E-09,+302.2691577316E-03,+302.2691577316E-03,+293.5857407392E-03
+435.0313E-09,+305.6460421176E-03,+298.8922733457E-03,+287.4751880408E-03
+435.8125E-09,+304.8118712722E-03,+301.6259416582E-03,+289.5656402798E-03
+436.5938E-09,+302.6309667730E-03,+304.1686551987E-03,+290.2088563533E-03
+437.3750E-09,+302.2691577316E-03,+306.0078511589E-03,+290.2088563533E-03
+438.1563E-09,+302.2691577316E-03,+302.9123738051E-03,+290.2088563533E-03
+438.9375E-09,+302.2691577316E-03,+298.8922733457E-03,+290.2088563533E-03
+439.7188E-09,+302.2691577316E-03,+301.6259416582E-03,+290.2088563533E-03
+440.5000E-09,+302.2691577316E-03,+302.2691577316E-03,+290.2088563533E-03
+441.2813E-09,+302.2691577316E-03,+302.2691577316E-03,+290.2088563533E-03
+442.0625E-09,+305.6460421176E-03,+298.8922733457E-03,+293.5857407392E-03
+442.8438E-09,+304.8118712722E-03,+301.6259416582E-03,+290.8520724268E-03
+443.6250E-09,+302.6309667730E-03,+302.2691577316E-03,+290.2088563533E-03
+444.4063E-09,+305.6460421176E-03,+302.2691577316E-03,+290.2088563533E-03
+445.1875E-09,+309.6661425771E-03,+302.2691577316E-03,+286.8319719673E-03
+445.9688E-09,+308.4098611835E-03,+305.6460421176E-03,+289.5656402798E-03
+446.7500E-09,+306.5706652233E-03,+302.9123738051E-03,+290.2088563533E-03
+447.5313E-09,+306.2892581911E-03,+302.2691577316E-03,+290.2088563533E-03
+448.3125E-09,+306.2892581911E-03,+302.2691577316E-03,+293.5857407392E-03
+449.0938E-09,+306.2892581911E-03,+305.6460421176E-03,+294.2289568127E-03
+449.8750E-09,+306.2892581911E-03,+302.9123738051E-03,+294.2289568127E-03
+450.6563E-09,+306.2892581911E-03,+298.8922733457E-03,+294.2289568127E-03
+451.4375E-09,+306.2892581911E-03,+301.2038311099E-03,+294.2289568127E-03
+452.2188E-09,+302.9123738051E-03,+305.5656401084E-03,+294.2289568127E-03
