x-axis,1,2
second,Volt,Volt
-268.0000E-09,+233.0530753934E-03,-221.0976735114E-03
-267.2188E-09,+236.0681507380E-03,-221.0976735114E-03
-266.4375E-09,+241.0128743031E-03,-224.9569699525E-03
-265.6563E-09,+248.9324722083E-03,-227.0474221914E-03
-264.8750E-09,+253.1133766861E-03,-229.0574724211E-03
-264.0938E-09,+257.1334771455E-03,-232.9971708714E-03
-263.3125E-09,+261.1535776050E-03,-233.1579748898E-03
-262.5313E-09,+261.3143816234E-03,-233.1579748898E-03
-261.7500E-09,+269.0329745055E-03,-233.1579748898E-03
-260.9688E-09,+269.3545825423E-03,-237.0172713308E-03
-260.1875E-09,+272.4902609007E-03,-237.1780753492E-03
-259.4063E-09,+277.2038286894E-03,-233.3187789081E-03
-258.6250E-09,+273.5354870201E-03,-235.0876231103E-03
-257.8438E-09,+277.2339794428E-03,-237.0976733400E-03
-257.0625E-09,+277.3947834612E-03,-233.3187789081E-03
-256.2813E-09,+277.3947834612E-03,-233.1579748898E-03
-255.5000E-09,+281.2540799023E-03,-229.2986784487E-03
-254.7188E-09,+285.2741803617E-03,-227.6906382649E-03
-253.9375E-09,+281.5756879390E-03,-225.2182764823E-03
-253.1563E-09,+281.4148839207E-03,-228.9770704119E-03
-252.3750E-09,+281.4148839207E-03,-221.4192815481E-03
-251.5938E-09,+281.4148839207E-03,-219.1680252909E-03
-250.8125E-09,+273.6962910385E-03,-217.1579750611E-03
-250.0313E-09,+273.3746830017E-03,-213.2182766109E-03
-249.2500E-09,+273.3746830017E-03,-205.3388797103E-03
-248.4687E-09,+269.5153865607E-03,-205.0172716736E-03
-247.6875E-09,+269.3545825423E-03,-201.8815933152E-03
-246.9062E-09,+261.6359896601E-03,-197.1680255265E-03
-246.1250E-09,+259.3847334028E-03,-193.1177743136E-03
-245.3437E-09,+257.3746831731E-03,-185.2383774130E-03
-244.5625E-09,+253.4349847228E-03,-182.9871211557E-03
-243.7812E-09,+245.5555878223E-03,-180.9770709260E-03
-243.0000E-09,+237.5153869034E-03,-173.1780760347E-03
-242.2187E-09,+235.5053366737E-03,-165.1378751158E-03
-241.4375E-09,+233.2641306675E-03,-157.0976741968E-03
-240.6562E-09,+225.4550855250E-03,-153.3991817741E-03
-239.8750E-09,+221.2741810472E-03,-148.9167697619E-03
-239.0937E-09,+217.0128745602E-03,-141.0172723590E-03
-238.3125E-09,+213.2239298771E-03,-136.8363678812E-03
-237.5312E-09,+205.3545832277E-03,-129.9217950909E-03
-236.7500E-09,+197.3143823088E-03,-124.8162675074E-03
-235.9687E-09,+189.2741813899E-03,-116.8966696023E-03
-235.1875E-09,+183.8872467742E-03,-108.8564686834E-03
-234.4062E-09,+177.1636287558E-03,-96.9569713234E-03
-233.6250E-09,+169.1736790926E-03,-92.8564688547E-03
-232.8437E-09,+157.2741817326E-03,-88.6052126189E-03
-232.0625E-09,+152.4500611813E-03,-76.8564690261E-03
-231.2812E-09,+148.8922722747E-03,-72.5147605299E-03
-230.5000E-09,+133.3143829943E-03,-60.7760671883E-03
-229.7187E-09,+124.9525740386E-03,-55.7107406094E-03
-228.9375E-09,+116.9123731197E-03,-48.5248110381E-03
-228.1562E-09,+109.3545842559E-03,-40.5147608726E-03
-227.3750E-09,+100.8520717842E-03,-28.6152635126E-03
-226.5937E-09,+88.9324739219E-03,-24.2735550164E-03
-225.8125E-09,+80.7314689846E-03,-20.2534545569E-03
-225.0312E-09,+73.4148861484E-03,-12.3740576564E-03
-224.2500E-09,+68.5405143413E-03,-474.5602964E-06
-223.4687E-09,+56.7716702462E-03,+11.5857410820E-03
-222.6875E-09,+44.7113688679E-03,+15.2038314955E-03
-221.9062E-09,+28.7917710484E-03,+19.9173992842E-03
-221.1250E-09,+22.3596103133E-03,+31.6862433792E-03
-220.3437E-09,+16.3294596241E-03,+39.8872483165E-03
-219.5625E-09,+4.5103642733E-03,+48.6510673181E-03
-218.7812E-09,-3.6906406640E-03,+55.9978009078E-03
-218.0000E-09,-15.5901380240E-03,+60.1485546322E-03
-217.2187E-09,-20.8966706305E-03,+68.0279515327E-03
-216.4375E-09,-27.8514444253E-03,+79.9274488927E-03
-215.6562E-09,-39.7107407807E-03,+85.7163935543E-03
-214.8750E-09,-55.6303386002E-03,+92.2088557963E-03
-214.0938E-09,-62.5449113904E-03,+100.1887552084E-03
-213.3125E-09,-68.1127505268E-03,+108.2289561273E-03
-212.5313E-09,-79.9117453753E-03,+112.8922726603E-03
-211.7500E-09,-91.9720467537E-03,+116.4500615669E-03
-210.9688E-09,-104.0323481320E-03,+124.3093579651E-03
-210.1875E-09,-109.5800867661E-03,+132.3495588840E-03
-209.4063E-09,-116.3037047845E-03,+140.3897598029E-03
-208.6250E-09,-120.4343580066E-03,+144.3294582532E-03
-207.8438E-09,-132.1730513482E-03,+148.5807144891E-03
-207.0625E-09,-141.3388803958E-03,+160.3294580818E-03
-206.2813E-09,-148.4544582090E-03,+164.6711665780E-03
-205.5000E-09,-156.4544581233E-03,+172.5505634786E-03
-204.7188E-09,-164.4946590423E-03,+174.3194076807E-03
-203.9375E-09,-176.3941564022E-03,+176.7917694633E-03
-203.1563E-09,-180.4946588709E-03,+184.6108648570E-03
-202.3750E-09,-184.7459151068E-03,+188.7917693348E-03
-201.5938E-09,-196.4946586995E-03,+192.8118697942E-03
-200.8125E-09,-196.9770707547E-03,+196.8319702537E-03
-200.0313E-09,-206.1428998022E-03,+200.8520707132E-03
-199.2500E-09,-212.7961660626E-03,+208.7314676137E-03
-198.4688E-09,-216.9167690336E-03,+209.0530756504E-03
-197.6875E-09,-224.7961659341E-03,+210.5003118159E-03
-196.9063E-09,-236.6956632941E-03,+212.9726735984E-03
-196.1250E-09,-239.1077235698E-03,+220.7917689921E-03
-195.3438E-09,-241.1177737995E-03,+221.1133770288E-03
-194.5625E-09,-248.9167686908E-03,+223.0430252494E-03
-193.7813E-09,-253.0976731687E-03,+225.0530754791E-03
-193.0000E-09,-257.1177736281E-03,+225.1334774883E-03
-192.2188E-09,-257.2785776465E-03,+225.1334774883E-03
-191.4375E-09,-257.2785776465E-03,+232.8520703704E-03
-190.6563E-09,-264.9971705287E-03,+231.2440301866E-03
-189.8750E-09,-269.1780750065E-03,+229.2339799569E-03
-189.0938E-09,-271.5097332730E-03,+229.1535779477E-03
-188.3125E-09,-273.2886277263E-03,+229.1535779477E-03
-187.5313E-09,-273.3589794843E-03,+229.1535779477E-03
-186.7500E-09,-277.2182759254E-03,+229.1535779477E-03
-185.9688E-09,-281.2383763849E-03,+229.1535779477E-03
-185.1875E-09,-279.9519442378E-03,+221.4349850656E-03
-184.4063E-09,-277.4795824553E-03,+224.9726734699E-03
-183.6250E-09,-281.2383763849E-03,+223.2038292677E-03
-182.8438E-09,-285.2584768443E-03,+221.1937790380E-03
-182.0625E-09,-283.4896326422E-03,+217.2540805877E-03
-181.2813E-09,-281.4795824124E-03,+213.2339801283E-03
-180.5000E-09,-277.5398839622E-03,+213.0731761099E-03
-179.7188E-09,-277.3790799438E-03,+211.3847339169E-03
-178.9375E-09,-277.3790799438E-03,+209.1435279108E-03
-178.1563E-09,-275.6906377508E-03,+201.3344827683E-03
-177.3750E-09,-273.4494317447E-03,+197.1535782905E-03
-176.5938E-09,-269.4996830432E-03,+194.8219200240E-03
-175.8125E-09,-265.4795825838E-03,+193.0430255707E-03
-175.0313E-09,-263.1479243173E-03,+185.2540809305E-03
-174.2500E-09,-261.3690298640E-03,+181.0731764526E-03
-173.4688E-09,-257.4393816649E-03,+173.1937795521E-03
-172.6875E-09,-253.4192812054E-03,+171.1837293224E-03
-171.9063E-09,-249.3991807460E-03,+168.9425233162E-03
-171.1250E-09,-243.6906380935E-03,+161.1334781737E-03
-170.3438E-09,-237.4293316279E-03,+149.2339808137E-03
-169.5625E-09,-233.3187789081E-03,+146.5807145105E-03
-168.7813E-09,-221.5800855665E-03,+144.8018200572E-03
-168.0000E-09,-217.2383770703E-03,+137.0128754170E-03
-167.2188E-09,-214.1831007211E-03,+128.9726744981E-03
-166.4375E-09,-209.2383771560E-03,+120.9324735792E-03
-165.6563E-09,-205.1780756919E-03,+116.9927751289E-03
-164.8750E-09,-193.4393823503E-03,+112.7415188930E-03
-164.0938E-09,-189.0976738541E-03,+104.8520717413E-03
-163.3125E-09,-185.0775733947E-03,+92.9525743813E-03
-162.5313E-09,-177.1981764941E-03,+87.8872478024E-03
-161.7500E-09,-169.1579755752E-03,+84.5606146722E-03
-160.9688E-09,-157.2584782152E-03,+76.7113685251E-03
-160.1875E-09,-153.6403878017E-03,+64.8118711651E-03
-159.4063E-09,-148.9268200130E-03,+56.6108662279E-03
-158.6250E-09,-137.1579759179E-03,+50.5003135295E-03
-157.8438E-09,-125.0976745396E-03,+44.4701628403E-03
-157.0625E-09,-118.3439057677E-03,+36.5103639306E-03
-156.2813E-09,-112.7760666313E-03,+24.6108665706E-03
-155.5000E-09,-97.1177753418E-03,+16.4098616333E-03
-154.7188E-09,-88.7559663861E-03,+11.2641330452E-03
-153.9375E-09,-76.8564690261E-03,+4.3093592503E-03
-153.1563E-09,-71.0675243645E-03,-7.5499371051E-03
-152.3750E-09,-64.5750621225E-03,-15.7509420424E-03
-151.5938E-09,-56.5951627104E-03,-20.1730525478E-03
-150.8125E-09,-40.8363689094E-03,-23.9619972308E-03
-150.0313E-09,-33.4393840640E-03,-35.6906403213E-03
-149.2500E-09,-28.3338564805E-03,-47.7509416996E-03
-148.4688E-09,-16.5549621343E-03,-55.9519466369E-03
-147.6875E-09,-635.3643148E-06,-57.9619968667E-03
-146.9063E-09,+7.7264446409E-03,-60.2032028728E-03
-146.1250E-09,+13.5957913117E-03,-75.7308408974E-03
-145.3438E-09,+19.8570977773E-03,-84.0926498531E-03
-144.5625E-09,+31.6862433792E-03,-90.9268206342E-03
-143.7813E-09,+47.6058411987E-03,-96.2635039941E-03
-143.0000E-09,+55.9676501543E-03,-104.1931521504E-03
-142.2188E-09,+60.8721727149E-03,-112.2333530693E-03
-141.4375E-09,+68.0581022862E-03,-120.2735539882E-03
-140.6563E-09,+83.7867453338E-03,-126.1429006590E-03
-139.8750E-09,+96.0078507305E-03,-132.4042071246E-03
-139.0938E-09,+100.3495592267E-03,-136.5147598444E-03
-138.3125E-09,+104.3696596862E-03,-144.3941567450E-03
-137.5313E-09,+116.1083530278E-03,-149.2986793055E-03
-136.7500E-09,+128.1686544062E-03,-152.6253124357E-03
-135.9688E-09,+140.2289557845E-03,-160.4745585828E-03
-135.1875E-09,+143.8470461981E-03,-168.5147595017E-03
-134.4063E-09,+148.5606139868E-03,-176.5549604206E-03
-133.6250E-09,+152.6108651997E-03,-178.8062166779E-03
-132.8438E-09,+172.0681514234E-03,-180.8162669076E-03
-132.0625E-09,+176.9726739840E-03,-188.6152617990E-03
-131.2813E-09,+180.7616186670E-03,-192.7961662768E-03
-130.5000E-09,+184.7716688753E-03,-200.6755631774E-03
-129.7188E-09,+192.6510657759E-03,-202.6856134071E-03
-128.9375E-09,+208.4098595769E-03,-204.9268194132E-03
-128.1563E-09,+212.4299600364E-03,-212.7358645557E-03
-127.3750E-09,+216.9123720487E-03,-213.0574725925E-03
-126.5938E-09,+220.9525730104E-03,-215.2283268406E-03
-125.8125E-09,+228.8319699110E-03,-217.0072212939E-03
-125.0313E-09,+233.4952864439E-03,-220.9368694930E-03
-124.2500E-09,+237.0530753506E-03,-224.9569699525E-03
-123.4688E-09,+244.9123717488E-03,-225.1177739709E-03
-122.6875E-09,+245.2339797856E-03,-226.8062161638E-03
-121.9063E-09,+252.9525726677E-03,-229.0474221700E-03
-121.1250E-09,+254.9626228974E-03,-232.9971708714E-03
-120.3438E-09,+257.2038289036E-03,-233.1579748898E-03
-119.5625E-09,+265.0128740461E-03,-233.1579748898E-03
-118.7813E-09,+269.1937785239E-03,-233.1579748898E-03
-118.0000E-09,+269.3545825423E-03,-237.0172713308E-03
-117.2188E-09,+270.8018187077E-03,-237.1780753492E-03
-116.4375E-09,+273.2741804903E-03,-233.3187789081E-03
-115.6563E-09,+277.2339794428E-03,-233.1579748898E-03
-114.8750E-09,+281.2540799023E-03,-233.1579748898E-03
-114.0938E-09,+279.2440296726E-03,-233.1579748898E-03
-113.3125E-09,+277.4651352192E-03,-229.2986784487E-03
-112.5313E-09,+281.2540799023E-03,-229.1378744303E-03
-111.7500E-09,+281.4148839207E-03,-229.1378744303E-03
-110.9688E-09,+277.5555874796E-03,-225.2785779892E-03
-110.1875E-09,+277.3947834612E-03,-221.2584775298E-03
-109.4063E-09,+277.3947834612E-03,-217.2383770703E-03
-108.6250E-09,+277.3947834612E-03,-217.0775730519E-03
-107.8438E-09,+277.3947834612E-03,-217.0775730519E-03
-107.0625E-09,+275.2239292131E-03,-213.2182766109E-03
-106.2813E-09,+273.4450347598E-03,-205.3388797103E-03
-105.5000E-09,+269.5153865607E-03,-205.0172716736E-03
-104.7188E-09,+269.3545825423E-03,-202.1227993428E-03
-103.9375E-09,+265.4952861012E-03,-197.1780757776E-03
-103.1563E-09,+259.7867434488E-03,-189.2584778725E-03
-102.3750E-09,+253.5254369832E-03,-185.0775733947E-03
-101.5938E-09,+249.4148842634E-03,-182.9871211557E-03
-100.8125E-09,+245.3947838039E-03,-180.9770709260E-03
-100.0313E-09,+242.8219195099E-03,-173.1780760347E-03
-99.2500E-09,+241.2741808330E-03,-165.1378751158E-03
-98.4688E-09,+233.4952864439E-03,-157.0976741969E-03
-97.6875E-09,+225.4550855250E-03,-153.6403878017E-03
-96.9063E-09,+217.4148846061E-03,-148.9268200130E-03
-96.1250E-09,+215.1636283488E-03,-141.0172723590E-03
-95.3438E-09,+213.1535781191E-03,-129.1177749990E-03
-94.5625E-09,+201.4952867867E-03,-124.5348604753E-03
-93.7813E-09,+193.2942818494E-03,-120.7459157922E-03
-93.0000E-09,+185.2540809305E-03,-112.8765691428E-03
-92.2188E-09,+180.1083523424E-03,-104.8363682239E-03
-91.4375E-09,+173.1535785475E-03,-96.7961673050E-03
-90.6563E-09,+165.1535786332E-03,-93.0976748823E-03
-89.8750E-09,+157.1133777143E-03,-88.6152628700E-03
-89.0938E-09,+150.5204129608E-03,-76.8564690261E-03
-88.3125E-09,+144.9525738244E-03,-64.7961676477E-03
-87.5313E-09,+133.1535789759E-03,-59.9720470964E-03
-86.7500E-09,+121.0932775975E-03,-56.4142581898E-03
-85.9688E-09,+109.0329762192E-03,-48.5549617915E-03
-85.1875E-09,+105.1736797781E-03,-36.6554644315E-03
-84.4063E-09,+100.6912677658E-03,-28.4544594942E-03
-83.6250E-09,+92.7917703630E-03,-24.5147610440E-03
-82.8438E-09,+77.0329765619E-03,-20.2635048081E-03
-82.0625E-09,+69.8771977441E-03,-8.5147612153E-03
-81.2813E-09,+64.5405143841E-03,+3.5455401630E-03
-80.5000E-09,+56.6108662279E-03,+15.6058415414E-03
-79.7188E-09,+44.7113688679E-03,+20.6711681203E-03
-78.9375E-09,+28.7917710484E-03,+27.8570976916E-03
-78.1563E-09,+22.6008163409E-03,+35.8671478571E-03
-77.3750E-09,+16.3395098753E-03,+43.9073487760E-03
-76.5938E-09,+4.5103642733E-03,+48.0882532538E-03
-75.8125E-09,-7.5499371051E-03,+52.1083537133E-03
-75.0313E-09,-15.0273239597E-03,+67.7063434960E-03
-74.2500E-09,-19.9016957667E-03,+72.2088560105E-03
-73.4688E-09,-31.6705398618E-03,+80.0882529111E-03
-72.6875E-09,-39.8715447991E-03,+83.5455393062E-03
-71.9063E-09,-55.6303386002E-03,+88.2591070949E-03
-71.1250E-09,-60.1328511148E-03,+103.8872476311E-03
-70.3438E-09,-64.1529515742E-03,+112.2490565867E-03
-69.5625E-09,-79.7509413569E-03,+116.6711670921E-03
-68.7813E-09,-91.9720467537E-03,+120.4601117752E-03
-68.0000E-09,-104.0323481320E-03,+128.3294584246E-03
-67.2188E-09,-109.3388807385E-03,+140.2289557846E-03
-66.4375E-09,-116.2936545334E-03,+144.5706642808E-03
-65.6563E-09,-124.2936544477E-03,+148.1083526851E-03
-64.8750E-09,-136.1931518077E-03,+152.5907646974E-03
-64.0938E-09,-140.7760663315E-03,+160.4902621002E-03
-63.3125E-09,-144.5650110145E-03,+168.5304630191E-03
-62.5313E-09,-156.2936541050E-03,+171.0229253040E-03
-61.7500E-09,-168.3539554833E-03,+172.8018197573E-03
-60.9688E-09,-176.5549604206E-03,+180.5907643975E-03
-60.1875E-09,-181.9418950363E-03,+184.7716688753E-03
-59.4063E-09,-188.6655130547E-03,+192.6510657759E-03
-58.6250E-09,-192.7961662768E-03,+194.6611160056E-03
-57.8438E-09,-204.5348596184E-03,+196.9023220117E-03
-57.0625E-09,-207.1881259217E-03,+204.7113671542E-03
-56.2813E-09,-208.9670203750E-03,+208.8922716321E-03
-55.5000E-09,-220.6152614563E-03,+212.9123720915E-03
-54.7188E-09,-224.9569699525E-03,+213.0731761099E-03
-53.9375E-09,-232.8363668530E-03,+213.0731761099E-03
-53.1563E-09,-236.7760653033E-03,+220.7917689921E-03
-52.3750E-09,-241.0273215392E-03,+221.1133770288E-03
-51.5938E-09,-245.0574722498E-03,+223.0430252494E-03
-50.8125E-09,-252.9368691503E-03,+225.0530754791E-03
-50.0313E-09,-255.6705374627E-03,+225.1334774883E-03
-49.2500E-09,-257.2182761396E-03,+225.1334774883E-03
-48.4688E-09,-261.1378740876E-03,+228.9927739293E-03
-47.6875E-09,-265.1579745470E-03,+230.6008141131E-03
-46.9063E-09,-269.1780750065E-03,+233.0731758957E-03
-46.1250E-09,-273.1981754660E-03,+229.3143819661E-03
-45.3438E-09,-277.2182759254E-03,+225.2942815066E-03
-44.5625E-09,-273.5197835027E-03,+225.1334774883E-03
-43.7813E-09,-277.2182759254E-03,+225.1334774883E-03
-43.0000E-09,-281.2383763849E-03,+225.1334774883E-03
-42.2188E-09,-279.9519442378E-03,+225.1334774883E-03
-41.4375E-09,-277.4795824553E-03,+221.2741810472E-03
-40.6563E-09,-277.3790799438E-03,+221.1133770288E-03
-39.8750E-09,-281.2383763849E-03,+221.1133770288E-03
-39.0938E-09,-281.3991804032E-03,+221.1133770288E-03
-38.3125E-09,-281.3991804032E-03,+213.3947841467E-03
-37.5313E-09,-281.3991804032E-03,+210.6611158342E-03
-36.7500E-09,-273.6805875211E-03,+209.1133771573E-03
-35.9688E-09,-273.3589794843E-03,+205.1937792094E-03
-35.1875E-09,-273.3589794843E-03,+205.0329751910E-03
-34.4063E-09,-273.3589794843E-03,+197.3143823088E-03
-33.6250E-09,-269.4996830433E-03,+195.0631260515E-03
-32.8438E-09,-261.6202861427E-03,+193.0530758218E-03
-32.0625E-09,-259.3690298854E-03,+189.1133773715E-03
-31.2813E-09,-257.3589796557E-03,+181.2339804710E-03
-30.5000E-09,-257.2785776465E-03,+173.1937795521E-03
-29.7188E-09,-253.4192812054E-03,+171.1837293224E-03
-28.9375E-09,-245.5398843049E-03,+168.9425233162E-03
-28.1563E-09,-243.5298340752E-03,+161.1334781737E-03
-27.3750E-09,-241.2886280690E-03,+153.0932772548E-03
-26.5938E-09,-233.4795829265E-03,+146.5003125013E-03
-25.8125E-09,-225.4393820076E-03,+140.9324733650E-03
-25.0313E-09,-220.7760654746E-03,+140.7113678397E-03
-24.2500E-09,-217.2182765680E-03,+129.1334785165E-03
-23.4688E-09,-213.2182766109E-03,+120.9324735792E-03
-22.6875E-09,-201.4795832692E-03,+117.2339811565E-03
-21.9063E-09,-193.2785783320E-03,+112.7515691442E-03
-21.1250E-09,-189.3388798817E-03,+100.9927753003E-03
-20.3438E-09,-185.0876236458E-03,+88.9324739219E-03
-19.5625E-09,-173.3388800531E-03,+88.4500618668E-03
-18.7813E-09,-165.1378751158E-03,+88.4500618668E-03
-18.0000E-09,-157.0976741968E-03,+73.0128761024E-03
-17.2188E-09,-150.7459154709E-03,+64.6510671468E-03
-16.4375E-09,-141.0876241171E-03,+52.7515697868E-03
-15.6563E-09,-132.9770714401E-03,+48.6510673181E-03
-14.8750E-09,-124.9368705212E-03,+44.3998110823E-03
-14.0938E-09,-116.6554635747E-03,+32.6510674895E-03
-13.3125E-09,-108.8464184322E-03,+24.4500625522E-03
-12.5313E-09,-96.9569713234E-03,+19.5455399917E-03
-11.7500E-09,-88.7559663861E-03,+16.2189068615E-03
-10.9688E-09,-76.8564690261E-03,+4.5103642733E-03
-10.1875E-09,-69.8614942266E-03,-3.6906406640E-03
-9.4063E-09,-60.6655144256E-03,-15.5901380240E-03
-8.6250E-09,-48.7157658099E-03,-19.9318465202E-03
-7.8438E-09,-40.5147608726E-03,-23.9519469797E-03
-7.0625E-09,-33.9217961191E-03,-31.8313438802E-03
-6.2813E-09,-28.3539569828E-03,-43.7308412402E-03
-5.5000E-09,-16.5549621343E-03,-51.9318461775E-03
-4.7188E-09,-635.3643148E-06,-57.0775747656E-03
-3.9375E-09,+11.5857410819E-03,-64.0323485604E-03
-3.1563E-09,+17.3746857436E-03,-72.0323484747E-03
-2.3750E-09,+23.8671479856E-03,-83.9318458347E-03
-1.5938E-09,+35.7063438387E-03,-90.6856146066E-03
-812.5E-12,+51.6259416581E-03,-96.2534537430E-03
-31.3E-12,+59.0229265035E-03,-104.1931521504E-03
+750.0E-12,+64.1284540870E-03,-112.2333530693E-03
+1.5312E-09,+72.0480519922E-03,-120.2735539882E-03
+2.3125E-09,+83.9475493522E-03,-123.9720464109E-03
+3.0937E-09,+96.0078507305E-03,-128.4544584232E-03
+3.8750E-09,+100.1083531992E-03,-140.2132522671E-03
+4.6562E-09,+104.3596094351E-03,-144.5549607633E-03
+5.4375E-09,+116.1083530278E-03,-149.0574732779E-03
+6.2187E-09,+128.1686544062E-03,-152.6152621846E-03
+7.0000E-09,+140.2289557846E-03,-164.3338550239E-03
+7.7812E-09,+145.2942823635E-03,-168.6755635201E-03
+8.5625E-09,+152.4802119347E-03,-176.5549604206E-03
+9.3437E-09,+160.4902621002E-03,-180.4946588709E-03
+10.1250E-09,+168.5304630191E-03,-184.7459151068E-03
+10.9063E-09,+174.8822217451E-03,-188.7760658174E-03
+11.6875E-09,+180.6812166578E-03,-196.6554627179E-03
+12.4688E-09,+192.4902617575E-03,-196.9770707547E-03
+13.2500E-09,+196.8319702537E-03,-196.9770707547E-03
+14.0313E-09,+208.5706635953E-03,-204.6956636368E-03
+14.8125E-09,+212.1887540088E-03,-212.7358645557E-03
+15.5938E-09,+216.9023217975E-03,-213.0574725925E-03
+16.3750E-09,+224.8118694515E-03,-216.9167690336E-03
+17.1563E-09,+228.9927739293E-03,-220.9368694930E-03
+17.9375E-09,+233.2540804164E-03,-221.0976735114E-03
+18.7188E-09,+237.0430250994E-03,-228.8162663936E-03
+19.5000E-09,+241.0530753077E-03,-229.1378744303E-03
+20.2813E-09,+248.9324722083E-03,-229.1378744303E-03
+21.0625E-09,+256.9726731272E-03,-229.1378744303E-03
+21.8438E-09,+258.9827233569E-03,-229.1378744303E-03
+22.6250E-09,+261.2239293630E-03,-232.9971708714E-03
+23.4063E-09,+265.1736780645E-03,-233.1579748898E-03
+24.1875E-09,+269.1937785239E-03,-233.1579748898E-03
+24.9688E-09,+269.3545825423E-03,-233.1579748898E-03
+25.7500E-09,+269.3545825423E-03,-237.0172713308E-03
+26.5313E-09,+273.2138789834E-03,-233.3187789081E-03
+27.3125E-09,+277.2339794428E-03,-234.8464170827E-03
+28.0938E-09,+277.3947834612E-03,-237.0876230889E-03
+28.8750E-09,+279.0832256542E-03,-233.3187789081E-03
+29.6562E-09,+281.3244316603E-03,-229.2986784487E-03
+30.4375E-09,+277.5555874796E-03,-229.1378744303E-03
+31.2188E-09,+281.2540799023E-03,-229.1378744303E-03
+32.0000E-09,+281.4148839207E-03,-225.2785779892E-03
+32.7812E-09,+279.7264417277E-03,-225.1177739709E-03
+33.5625E-09,+277.4852357215E-03,-221.2584775298E-03
+34.3437E-09,+277.3947834612E-03,-217.7207891255E-03
+35.1250E-09,+277.3947834612E-03,-213.2383771132E-03
+35.9062E-09,+277.3947834612E-03,-209.1981761514E-03
+36.6875E-09,+277.3947834612E-03,-205.1780756919E-03
+37.4687E-09,+273.5354870201E-03,-202.8464174255E-03
+38.2500E-09,+265.6560901196E-03,-201.0675229722E-03
+39.0312E-09,+261.4751856418E-03,-200.9971712141E-03
+39.8125E-09,+259.6259394304E-03,-189.4192818909E-03
+40.5937E-09,+257.3847334243E-03,-181.2182769536E-03
+41.3750E-09,+249.5756882818E-03,-180.8966689168E-03
+42.1562E-09,+245.3947838039E-03,-180.8966689168E-03
+42.9375E-09,+243.0631255374E-03,-173.1780760347E-03
+43.7187E-09,+241.2842310841E-03,-165.1378751158E-03
+44.5000E-09,+233.4952864439E-03,-153.2383777558E-03
+45.2812E-09,+225.4550855250E-03,-151.3087295352E-03
+46.0625E-09,+213.5555881650E-03,-148.8363677527E-03
+46.8437E-09,+213.0731761099E-03,-141.0172723590E-03
+47.6250E-09,+213.0731761099E-03,-132.9770714401E-03
+48.4062E-09,+201.4952867867E-03,-126.6253127142E-03
+49.1875E-09,+193.2942818494E-03,-120.8263178014E-03
+49.9687E-09,+185.9776990132E-03,-112.8765691428E-03
+50.7500E-09,+181.1033272061E-03,-100.9770717828E-03
+51.5312E-09,+173.1937795521E-03,-92.7760668455E-03
+52.3125E-09,+165.1535786332E-03,-89.3187804504E-03
+53.0937E-09,+153.2540812732E-03,-84.6052126617E-03
+53.8750E-09,+148.9123727770E-03,-76.6956650077E-03
+54.6562E-09,+144.8922723175E-03,-68.6554640888E-03
+55.4375E-09,+137.0128754170E-03,-62.0624993353E-03
+56.2187E-09,+125.1133780570E-03,-56.4946601990E-03
+57.0000E-09,+109.1937802375E-03,-44.6956653504E-03
+57.7812E-09,+105.4148858057E-03,-36.4946604132E-03
+58.5625E-09,+100.7013180169E-03,-24.5951630532E-03
+59.3437E-09,+88.9324739219E-03,-20.7358666121E-03
+60.1250E-09,+80.7314689846E-03,-16.2534545998E-03
+60.9062E-09,+74.1385042311E-03,-4.4946607559E-03
+61.6875E-09,+68.5706650947E-03,+3.7063441814E-03
+62.4687E-09,+52.9123738052E-03,+8.3696607144E-03
+63.2500E-09,+40.6912684084E-03,+11.9274496210E-03
+64.0313E-09,+28.6309670300E-03,+23.6460424603E-03
+64.8125E-09,+23.0832283960E-03,+35.7063438387E-03
+65.5938E-09,+16.3596103775E-03,+40.0480523349E-03
+66.3750E-09,+4.5103642733E-03,+47.6862432079E-03
+67.1563E-09,-7.5499371051E-03,+55.9575999032E-03
+67.9375E-09,-14.5449119045E-03,+64.0078510733E-03
+68.7188E-09,-19.8815952645E-03,+75.9073484332E-03
+69.5000E-09,-35.5298363029E-03,+84.1083533705E-03
+70.2813E-09,-43.8916452586E-03,+87.3244337381E-03
+71.0625E-09,-55.7911426185E-03,+92.2691573032E-03
+71.8438E-09,-61.8212933077E-03,+100.1887552084E-03
+72.6250E-09,-68.0825997733E-03,+112.0882525684E-03
+73.4063E-09,-79.9117453753E-03,+116.4299610646E-03
+74.1875E-09,-95.8313431947E-03,+120.4500615240E-03
+74.9688E-09,-103.4695340677E-03,+128.3294584246E-03
+75.7500E-09,-108.3439058748E-03,+136.3696593435E-03
+76.5313E-09,-116.2534535288E-03,+148.2691567035E-03
+77.3125E-09,-128.1529508888E-03,+150.1988049240E-03
+78.0938E-09,-140.2132522671E-03,+152.6711667066E-03
+78.8750E-09,-142.6253125428E-03,+160.4902621002E-03
+79.6563E-09,-144.6353627725E-03,+168.5304630191E-03
+80.4375E-09,-156.2936541050E-03,+170.7817192764E-03
+81.2188E-09,-168.3539554833E-03,+172.7917695061E-03
+82.0000E-09,-176.5549604206E-03,+180.5907643975E-03
+82.7813E-09,-180.0122468158E-03,+184.7716688753E-03
+83.5625E-09,-184.7258146045E-03,+192.6510657759E-03
+84.3438E-09,-196.4946586995E-03,+196.3495581986E-03
+85.1250E-09,-204.6956636368E-03,+200.8319702109E-03
+85.9063E-09,-209.1177741422E-03,+204.8721711726E-03
+86.6875E-09,-212.9067188253E-03,+205.0329751910E-03
+87.4688E-09,-216.9167690336E-03,+209.3746836872E-03
+88.2500E-09,-228.6554623752E-03,+212.9324725938E-03
+89.0313E-09,-236.8564673125E-03,+216.9324725510E-03
+89.8125E-09,-238.8665175422E-03,+217.0932765694E-03
+90.5938E-09,-241.1077235483E-03,+220.9525730104E-03
+91.3750E-09,-248.9167686908E-03,+221.1133770288E-03
+92.1563E-09,-253.0976731687E-03,+221.1133770288E-03
+92.9375E-09,-253.2584771870E-03,+224.9726734699E-03
+93.7188E-09,-253.2584771870E-03,+225.1334774883E-03
+94.5000E-09,-260.9770700692E-03,+228.9927739294E-03
+95.2813E-09,-265.1579745470E-03,+229.1535779477E-03
+96.0625E-09,-269.1780750065E-03,+229.1535779477E-03
+96.8438E-09,-272.9569694384E-03,+225.2942815066E-03
+97.6250E-09,-277.2082256743E-03,+228.9927739294E-03
+98.4063E-09,-277.3790799438E-03,+229.1535779477E-03
+99.1875E-09,-277.3790799438E-03,+229.1535779477E-03
+99.9688E-09,-279.7911402195E-03,+229.1535779477E-03
+100.7500E-09,-281.3388788964E-03,+229.1535779477E-03
+101.5313E-09,-281.3991804032E-03,+221.4349850656E-03
+102.3125E-09,-281.3991804032E-03,+221.1133770288E-03
+103.0938E-09,-277.5398839622E-03,+221.1133770288E-03
+103.8750E-09,-277.3790799438E-03,+217.2540805877E-03
+104.6563E-09,-277.3790799438E-03,+213.2339801283E-03
+105.4375E-09,-281.2383763849E-03,+213.0731761099E-03
+106.2188E-09,-281.3991804032E-03,+213.0731761099E-03
+107.0000E-09,-273.6805875211E-03,+205.3545832277E-03
+107.7813E-09,-273.3589794843E-03,+201.1736787499E-03
+108.5625E-09,-273.3589794843E-03,+201.0128747315E-03
+109.3438E-09,-269.4996830432E-03,+195.4651360975E-03
+110.1250E-09,-265.4795825838E-03,+189.2038296319E-03
+110.9063E-09,-263.3891303449E-03,+185.0932769121E-03
+111.6875E-09,-261.3790801151E-03,+177.2138800115E-03
+112.4688E-09,-257.4393816649E-03,+176.8922719748E-03
+113.2500E-09,-253.4192812054E-03,+176.8922719748E-03
+114.0313E-09,-245.5398843049E-03,+165.3143826516E-03
+114.8125E-09,-242.0825979098E-03,+157.1133777143E-03
+115.5938E-09,-237.3690301210E-03,+149.0731767954E-03
+116.3750E-09,-233.3187789081E-03,+146.8219205381E-03
+117.1563E-09,-225.4393820076E-03,+144.8118703083E-03
+117.9375E-09,-223.1881257503E-03,+137.0128754170E-03
+118.7188E-09,-221.1780755206E-03,+125.1133780570E-03
+119.5000E-09,-209.5197841882E-03,+120.7716695608E-03
+120.2813E-09,-205.1780756919E-03,+117.4751871840E-03
+121.0625E-09,-197.2986787914E-03,+112.7616193953E-03
+121.8438E-09,-193.6001863687E-03,+100.9927753003E-03
+122.6250E-09,-189.1177743564E-03,+96.6510668040E-03
+123.4063E-09,-177.3589805125E-03,+90.2189060689E-03
+124.1875E-09,-165.2986791341E-03,+84.6510669326E-03
+124.9688E-09,-158.0624983071E-03,+76.7113685251E-03
+125.7500E-09,-152.9569707236E-03,+60.9525747241E-03
+126.5313E-09,-145.0373728185E-03,+52.5907657684E-03
+127.3125E-09,-129.2785790174E-03,+48.8922733457E-03
+128.0938E-09,-120.9167700617E-03,+44.4098613334E-03
+128.8750E-09,-115.0474233909E-03,+36.5103639306E-03
+129.6563E-09,-108.7861169253E-03,+24.6108665706E-03
+130.4375E-09,-100.8162677645E-03,+19.7867460192E-03
+131.2188E-09,-88.9167704045E-03,+16.2289571126E-03
+132.0000E-09,-72.9971725850E-03,+651.0678322E-06
+132.7813E-09,-69.4594841807E-03,-7.7107411234E-03
+133.5625E-09,-64.5147606156E-03,-15.7509420424E-03
+134.3438E-09,-48.8765698283E-03,-21.6202887132E-03
+135.1250E-09,-36.6554644315E-03,-27.8815951788E-03
+135.9063E-09,-30.1429016872E-03,-35.8514443396E-03
+136.6875E-09,-24.3439067744E-03,-43.8916452586E-03
+137.4688E-09,-12.5348616748E-03,-51.2082280948E-03
+138.2500E-09,-4.3338567375E-03,-56.0825999019E-03
+139.0313E-09,+11.4249370636E-03,-67.8514439969E-03
+139.8125E-09,+16.8922736884E-03,-76.0524489342E-03
+140.5938E-09,+23.8470474833E-03,-84.0926498531E-03
+141.3750E-09,+31.8470473976E-03,-90.2032025515E-03
+142.1563E-09,+47.6058411987E-03,-96.2333532407E-03
+142.9375E-09,+54.5204139889E-03,-104.1931521504E-03
+143.7188E-09,+60.0882531253E-03,-116.0926495104E-03
+144.5000E-09,+75.7465444149E-03,-120.4343580066E-03
+145.2813E-09,+80.2490569295E-03,-123.7308403834E-03
+146.0625E-09,+91.9877502711E-03,-128.4444081721E-03
+146.8438E-09,+99.4651371257E-03,-140.2132522671E-03
+147.6250E-09,+108.1988053738E-03,-148.4142572044E-03
+148.4063E-09,+120.1284534873E-03,-152.8363677098E-03
+149.1875E-09,+132.1887548656E-03,-156.6253123929E-03
+149.9688E-09,+137.0128754170E-03,-164.4946590422E-03
+150.7500E-09,+140.5706643236E-03,-172.5348599612E-03
+151.5313E-09,+152.2892571629E-03,-176.7157644390E-03
+152.3125E-09,+164.3495585413E-03,-180.2534528433E-03
+153.0938E-09,+168.6912670375E-03,-184.7358648556E-03
+153.8750E-09,+172.4701614694E-03,-192.6353622584E-03
+154.6563E-09,+176.7214177053E-03,-196.8162667363E-03
+155.4375E-09,+192.3294577391E-03,-196.9770707547E-03
+156.2188E-09,+200.6912666948E-03,-196.9770707547E-03
+157.0000E-09,+204.8721711726E-03,-204.6956636368E-03
+157.7813E-09,+207.9274475218E-03,-208.8765681146E-03
+158.5625E-09,+212.8721710869E-03,-212.8966685741E-03
+159.3438E-09,+224.6510654331E-03,-214.9871208130E-03
+160.1250E-09,+232.8520703704E-03,-216.9971710427E-03
+160.9063E-09,+235.1033266277E-03,-220.9368694930E-03
+161.6875E-09,+237.1133768575E-03,-224.9569699525E-03
+162.4688E-09,+241.0530753077E-03,-227.5298342465E-03
+163.2500E-09,+248.9324722083E-03,-229.0775729234E-03
+164.0313E-09,+256.9726731272E-03,-229.1378744303E-03
+164.8125E-09,+257.2942811639E-03,-229.1378744303E-03
+165.5938E-09,+257.2942811639E-03,-232.9971708714E-03
+166.3750E-09,+265.0128740461E-03,-233.1579748898E-03
+167.1563E-09,+269.1937785239E-03,-233.1579748898E-03
+167.9375E-09,+271.2842307628E-03,-233.1579748898E-03
+168.7188E-09,+273.2942809926E-03,-233.1579748898E-03
+169.5000E-09,+273.3746830017E-03,-233.1579748898E-03
+170.2813E-09,+273.3746830017E-03,-233.1579748898E-03
+171.0625E-09,+281.0932758839E-03,-233.1579748898E-03
+171.8438E-09,+281.4148839207E-03,-233.1579748898E-03
+172.6250E-09,+281.4148839207E-03,-229.2986784487E-03
+173.4063E-09,+281.4148839207E-03,-227.2082262098E-03
+174.1875E-09,+281.4148839207E-03,-225.1981759800E-03
+174.9688E-09,+281.4148839207E-03,-225.1177739709E-03
+175.7500E-09,+281.4148839207E-03,-221.2584775298E-03
+176.5313E-09,+277.5555874796E-03,-221.0976735114E-03
+177.3125E-09,+273.5354870201E-03,-217.9619951530E-03
+178.0938E-09,+273.3746830017E-03,-213.2484273643E-03
+178.8750E-09,+273.3746830017E-03,-213.0574725925E-03
+179.6563E-09,+273.3746830017E-03,-205.3388797103E-03
+180.4375E-09,+265.6560901196E-03,-200.9167692049E-03
+181.2188E-09,+261.4751856418E-03,-197.1278245219E-03
+182.0000E-09,+261.3143816234E-03,-196.9770707547E-03
+182.7813E-09,+259.6259394304E-03,-193.1177743136E-03
+183.5625E-09,+257.3847334243E-03,-185.2383774130E-03
+184.3438E-09,+253.4349847228E-03,-181.5398849903E-03
+185.1250E-09,+245.5555878223E-03,-177.0574729781E-03
+185.9063E-09,+241.1334773169E-03,-169.1579755752E-03
+186.6875E-09,+237.3445326339E-03,-164.9770710974E-03
+187.4688E-09,+233.3344824256E-03,-158.0624983071E-03
+188.2500E-09,+225.4550855250E-03,-152.9569707236E-03
+189.0313E-09,+217.4148846061E-03,-145.0373728185E-03
+189.8125E-09,+213.7163921834E-03,-140.8564683406E-03
+190.5938E-09,+209.2339801711E-03,-132.9770714401E-03
+191.3750E-09,+201.3344827683E-03,-129.0373729898E-03
+192.1563E-09,+193.2942818494E-03,-124.7861167540E-03
+192.9375E-09,+186.4601110683E-03,-113.0373731612E-03
+193.7188E-09,+181.1234277084E-03,-104.8363682239E-03
+194.5000E-09,+177.0530759932E-03,-96.7961673050E-03
+195.2813E-09,+165.3143826516E-03,-93.5800869374E-03
+196.0625E-09,+157.1133777143E-03,-88.6353633723E-03
+196.8438E-09,+149.5555888505E-03,-72.9971725850E-03
+197.6250E-09,+141.0530763787E-03,-64.6353636294E-03
+198.4063E-09,+132.9927749575E-03,-60.4544591515E-03
+199.1875E-09,+124.9525740386E-03,-56.4343586921E-03
+199.9688E-09,+115.4651369543E-03,-44.6956653505E-03
+200.7500E-09,+108.8118706939E-03,-28.7760675310E-03
+201.5313E-09,+100.8319712819E-03,-24.2735550164E-03
+202.3125E-09,+85.0731774808E-03,-19.2886304467E-03
+203.0938E-09,+76.7113685251E-03,-12.3338566518E-03
+203.8750E-09,+70.6008158268E-03,-8.1931531786E-03
+204.6563E-09,+64.5706651376E-03,+3.5455401630E-03
+205.4375E-09,+52.7515697868E-03,+8.1284546868E-03
+206.2188E-09,+40.6912684084E-03,+11.9173993698E-03
+207.0000E-09,+28.6309670300E-03,+23.6460424603E-03
+207.7813E-09,+23.3244344236E-03,+31.8470473976E-03
+208.5625E-09,+16.3696606287E-03,+43.7465447576E-03
+209.3437E-09,+4.5103642733E-03,+49.5354894192E-03
+210.1250E-09,-11.4092335461E-03,+56.0279516612E-03
+210.9062E-09,-18.3238063364E-03,+67.8671475143E-03
+211.6875E-09,-23.8916454728E-03,+76.0681524516E-03
+212.4687E-09,-31.8313438802E-03,+80.7314689846E-03
+213.2500E-09,-43.7308412402E-03,+84.2892578912E-03
+214.0312E-09,-55.7911426185E-03,+92.1485542894E-03
+214.8125E-09,-61.3388812526E-03,+104.0480516494E-03
+215.5937E-09,-68.0624992710E-03,+108.3897601457E-03
+216.3750E-09,-83.7710418164E-03,+114.0983027981E-03
+217.1562E-09,-95.9921472131E-03,+120.3596092637E-03
+217.9375E-09,-100.8162677645E-03,+128.3294584246E-03
+218.7187E-09,-104.3740566711E-03,+136.3696593435E-03
+219.5000E-09,-112.2333530693E-03,+148.2691567035E-03
+220.2812E-09,-124.1328504293E-03,+151.6460410894E-03
+221.0625E-09,-140.0524482487E-03,+156.5907646545E-03
+221.8437E-09,-142.6253125428E-03,+160.6510661186E-03
+222.6250E-09,-144.6353627725E-03,+168.5304630191E-03
+223.4062E-09,-156.2936541049E-03,+172.7113674970E-03
+224.1875E-09,-168.3539554833E-03,+176.7314679564E-03
+224.9687E-09,-173.4192820622E-03,+184.6108648569E-03
+225.7500E-09,-176.7459151924E-03,+188.7917693348E-03
+226.5312E-09,-188.4544577806E-03,+192.8118697942E-03
+227.3125E-09,-196.6554627179E-03,+194.4199099780E-03
+228.0937E-09,-204.6956636368E-03,+196.8922717606E-03
+228.8750E-09,-210.8062163352E-03,+204.7113671542E-03
+229.6562E-09,-216.8363670244E-03,+208.8922716321E-03
+230.4375E-09,-220.9368694930E-03,+210.9827238710E-03
+231.2187E-09,-228.8162663935E-03,+212.9927741007E-03
